{
  "periodicno": [
    {
      "dan": "6",
      "semestar": "ljetni",
      "pocetak": "10:00",
      "kraj": "12:00",
      "naziv": "VA1",
      "predavac": "Irfan Prazina"
    },
    {
      "dan": "1",
      "semestar": "zimski",
      "pocetak": "11:00",
      "kraj": "15:00",
      "naziv": "MA",
      "predavac": "Irfan Prazina"
    }
  ],
  "vanredno": [
    {
      "datum": "10.01.2019.",
      "pocetak": "11:00",
      "kraj": "15:00",
      "naziv": "MA",
      "predavac": "Irfan Prazina"
    },
    {
      "datum": "3.05.2019.",
      "pocetak": "09:00",
      "kraj": "12:00",
      "naziv": "MA",
      "predavac": "Irfan Prazina"
    }
  ]
}
