{
    "periodicna": [
        {
            "dan": 0,
            "semestar": "zimski",
            "pocetak": "09:00",
            "kraj": "11:00",
            "naziv": "0-01",
            "predavac": "Vedran"
        },
        {
            "dan": 1,
            "semestar": "ljetni",
            "pocetak": "09:00",
            "kraj": "11:00",
            "naziv": "0-02",
            "predavac": "Emir"
        },
        {
            "dan": 2,
            "semestar": "zimski",
            "pocetak": "09:00",
            "kraj": "11:00",
            "naziv": "0-01",
            "predavac": "Juric"
        },
        {
            "dan": 3,
            "semestar": "zimski",
            "pocetak": "10:00",
            "kraj": "12:00",
            "naziv": "0-02",
            "predavac": "Dzenana"
        },
        {
            "dan": 4,
            "semestar": "zimski",
            "pocetak": "10:00",
            "kraj": "12:00",
            "naziv": "0-01",
            "predavac": "Vedran"
        },
        {
            "dan": 5,
            "semestar": "ljetni",
            "pocetak": "12:00",
            "kraj": "14:00",
            "naziv": "0-02",
            "predavac": "Juric"
        },
        {
            "dan": 6,
            "semestar": "ljetni",
            "pocetak": "09:00",
            "kraj": "11:00",
            "naziv": "0-01",
            "predavac": "Zenan"
        }
    ],
    "vanredna": [
        {
            "datum": "17.11.2019",
            "pocetak": "09:00",
            "kraj": "11:00",
            "naziv": "0-01",
            "predavac": "Faris"
        },
        {
            "datum": "18.11.2019",
            "pocetak": "09:00",
            "kraj": "11:00",
            "naziv": "0-01",
            "predavac": "Armin"
        },
        {
            "datum": "29.11.2019",
            "pocetak": "09:00",
            "kraj": "11:00",
            "naziv": "0-01",
            "predavac": "Adin"
        },
        {
            "datum": "01.12.2019",
            "pocetak": "10:00",
            "kraj": "12:00",
            "naziv": "0-02",
            "predavac": "Anes"
        },
        {
            "datum": "01.01.2019",
            "pocetak": "09:00",
            "kraj": "11:00",
            "naziv": "0-02",
            "predavac": "Faris"
        },
        {
            "datum": "28.02.2019",
            "pocetak": "09:00",
            "kraj": "11:00",
            "naziv": "0-02",
            "predavac": "Amra"
        },
        {
            "datum": "31.12.2019",
            "pocetak": "10:00",
            "kraj": "12:00",
            "naziv": "0-02",
            "predavac": "Sile"
        },
        {
            "datum": "17.11.2020",
            "pocetak": "09:00",
            "kraj": "11:00",
            "naziv": "0-01",
            "predavac": "Faris"
        },
        {
            "datum": "18.11.2020",
            "pocetak": "09:00",
            "kraj": "11:00",
            "naziv": "0-01",
            "predavac": "Armin"
        },
        {
            "datum": "29.11.2020",
            "pocetak": "09:00",
            "kraj": "11:00",
            "naziv": "0-01",
            "predavac": "Adin"
        },
        {
            "datum": "01.12.2020",
            "pocetak": "10:00",
            "kraj": "12:00",
            "naziv": "0-02",
            "predavac": "Anes"
        },
        {
            "datum": "01.01.2020",
            "pocetak": "09:00",
            "kraj": "11:00",
            "naziv": "0-02",
            "predavac": "Faris"
        },
        {
            "datum": "28.02.2020",
            "pocetak": "09:00",
            "kraj": "11:00",
            "naziv": "0-02",
            "predavac": "Amra"
        },
        {
            "datum": "31.12.2020",
            "pocetak": "10:00",
            "kraj": "12:00",
            "naziv": "0-02",
            "predavac": "Sile"
        }
    ]
}