{
  "testId" : "1-mobilesale.gspec",
  "name" : "mobileSale.gspec",
  "report" : {
    "nodes" : [ {
      "name" : "Simple check",
      "status" : "info",
      "nodes" : [ {
        "name" : "check  mobileSale.gspec --url C:/Users/Damir/Desktop/spirale/wt1916928/spirala1/sale.html --size 599x400 --htmlreport reports",
        "status" : "info",
        "nodes" : [ {
          "name" : "Check layout: mobileSale.gspec included tags: ",
          "status" : "info",
          "time" : 1573669626949,
          "sections" : [ {
            "name" : "Li",
            "place" : {
              "filePath" : "mobileSale.gspec",
              "lineNumber" : 12
            },
            "objects" : [ {
              "name" : "li-meni-1",
              "specs" : [ {
                "status" : "info",
                "place" : {
                  "filePath" : "mobileSale.gspec",
                  "lineNumber" : 14
                },
                "name" : "above li-meni-2",
                "meta" : [ {
                  "from" : {
                    "object" : "li-meni-1",
                    "edge" : "bottom"
                  },
                  "to" : {
                    "object" : "li-meni-2",
                    "edge" : "top"
                  },
                  "expectedDistance" : ">= 0px",
                  "realDistance" : "5px"
                } ],
                "highlight" : [ "li-meni-1", "li-meni-2" ]
              } ]
            }, {
              "name" : "li-meni-2",
              "specs" : [ {
                "status" : "info",
                "place" : {
                  "filePath" : "mobileSale.gspec",
                  "lineNumber" : 16
                },
                "name" : "below li-meni-1",
                "meta" : [ {
                  "from" : {
                    "object" : "li-meni-2",
                    "edge" : "top"
                  },
                  "to" : {
                    "object" : "li-meni-1",
                    "edge" : "bottom"
                  },
                  "expectedDistance" : ">= 0px",
                  "realDistance" : "5px"
                } ],
                "highlight" : [ "li-meni-2", "li-meni-1" ]
              }, {
                "status" : "info",
                "place" : {
                  "filePath" : "mobileSale.gspec",
                  "lineNumber" : 17
                },
                "name" : "aligned vertically left li-meni-1",
                "highlight" : [ "li-meni-2", "li-meni-1" ]
              } ]
            }, {
              "name" : "li-meni-3",
              "specs" : [ {
                "status" : "info",
                "place" : {
                  "filePath" : "mobileSale.gspec",
                  "lineNumber" : 19
                },
                "name" : "below li-meni-2",
                "meta" : [ {
                  "from" : {
                    "object" : "li-meni-3",
                    "edge" : "top"
                  },
                  "to" : {
                    "object" : "li-meni-2",
                    "edge" : "bottom"
                  },
                  "expectedDistance" : ">= 0px",
                  "realDistance" : "5px"
                } ],
                "highlight" : [ "li-meni-3", "li-meni-2" ]
              }, {
                "status" : "info",
                "place" : {
                  "filePath" : "mobileSale.gspec",
                  "lineNumber" : 20
                },
                "name" : "aligned vertically left li-meni-1",
                "highlight" : [ "li-meni-3", "li-meni-1" ]
              } ]
            }, {
              "name" : "li-meni-4",
              "specs" : [ {
                "status" : "info",
                "place" : {
                  "filePath" : "mobileSale.gspec",
                  "lineNumber" : 22
                },
                "name" : "below li-meni-3",
                "meta" : [ {
                  "from" : {
                    "object" : "li-meni-4",
                    "edge" : "top"
                  },
                  "to" : {
                    "object" : "li-meni-3",
                    "edge" : "bottom"
                  },
                  "expectedDistance" : ">= 0px",
                  "realDistance" : "5px"
                } ],
                "highlight" : [ "li-meni-4", "li-meni-3" ]
              }, {
                "status" : "info",
                "place" : {
                  "filePath" : "mobileSale.gspec",
                  "lineNumber" : 23
                },
                "name" : "aligned vertically left li-meni-1",
                "highlight" : [ "li-meni-4", "li-meni-1" ]
              } ]
            }, {
              "name" : "li-meni-5",
              "specs" : [ {
                "status" : "info",
                "place" : {
                  "filePath" : "mobileSale.gspec",
                  "lineNumber" : 25
                },
                "name" : "below li-meni-4",
                "meta" : [ {
                  "from" : {
                    "object" : "li-meni-5",
                    "edge" : "top"
                  },
                  "to" : {
                    "object" : "li-meni-4",
                    "edge" : "bottom"
                  },
                  "expectedDistance" : ">= 0px",
                  "realDistance" : "5px"
                } ],
                "highlight" : [ "li-meni-5", "li-meni-4" ]
              }, {
                "status" : "info",
                "place" : {
                  "filePath" : "mobileSale.gspec",
                  "lineNumber" : 26
                },
                "name" : "aligned vertically left li-meni-1",
                "highlight" : [ "li-meni-5", "li-meni-1" ]
              } ]
            } ]
          }, {
            "name" : "Sprat",
            "place" : {
              "filePath" : "mobileSale.gspec",
              "lineNumber" : 28
            },
            "objects" : [ {
              "name" : "headerSprat-1",
              "specs" : [ {
                "status" : "info",
                "place" : {
                  "filePath" : "mobileSale.gspec",
                  "lineNumber" : 30
                },
                "name" : "absent",
                "highlight" : [ ]
              } ]
            } ]
          }, {
            "name" : "Red",
            "place" : {
              "filePath" : "mobileSale.gspec",
              "lineNumber" : 32
            },
            "objects" : [ {
              "name" : "headerRedni-1",
              "specs" : [ {
                "status" : "info",
                "place" : {
                  "filePath" : "mobileSale.gspec",
                  "lineNumber" : 34
                },
                "name" : "absent",
                "highlight" : [ ]
              } ]
            }, {
              "name" : "headerRedni-2",
              "specs" : [ {
                "status" : "info",
                "place" : {
                  "filePath" : "mobileSale.gspec",
                  "lineNumber" : 34
                },
                "name" : "absent",
                "highlight" : [ ]
              } ]
            }, {
              "name" : "headerRedni-3",
              "specs" : [ {
                "status" : "info",
                "place" : {
                  "filePath" : "mobileSale.gspec",
                  "lineNumber" : 34
                },
                "name" : "absent",
                "highlight" : [ ]
              } ]
            }, {
              "name" : "headerRedni-4",
              "specs" : [ {
                "status" : "info",
                "place" : {
                  "filePath" : "mobileSale.gspec",
                  "lineNumber" : 34
                },
                "name" : "absent",
                "highlight" : [ ]
              } ]
            }, {
              "name" : "headerRedni-5",
              "specs" : [ {
                "status" : "info",
                "place" : {
                  "filePath" : "mobileSale.gspec",
                  "lineNumber" : 34
                },
                "name" : "absent",
                "highlight" : [ ]
              } ]
            }, {
              "name" : "headerRedni-6",
              "specs" : [ {
                "status" : "info",
                "place" : {
                  "filePath" : "mobileSale.gspec",
                  "lineNumber" : 34
                },
                "name" : "absent",
                "highlight" : [ ]
              } ]
            }, {
              "name" : "headerRedni-7",
              "specs" : [ {
                "status" : "info",
                "place" : {
                  "filePath" : "mobileSale.gspec",
                  "lineNumber" : 34
                },
                "name" : "absent",
                "highlight" : [ ]
              } ]
            }, {
              "name" : "headerRedni-8",
              "specs" : [ {
                "status" : "info",
                "place" : {
                  "filePath" : "mobileSale.gspec",
                  "lineNumber" : 34
                },
                "name" : "absent",
                "highlight" : [ ]
              } ]
            }, {
              "name" : "headerRedni-9",
              "specs" : [ {
                "status" : "info",
                "place" : {
                  "filePath" : "mobileSale.gspec",
                  "lineNumber" : 34
                },
                "name" : "absent",
                "highlight" : [ ]
              } ]
            } ]
          }, {
            "name" : "Header",
            "place" : {
              "filePath" : "mobileSale.gspec",
              "lineNumber" : 36
            },
            "objects" : [ {
              "name" : "header",
              "specs" : [ {
                "status" : "info",
                "place" : {
                  "filePath" : "mobileSale.gspec",
                  "lineNumber" : 38
                },
                "name" : "contains logo",
                "highlight" : [ "header", "logo" ]
              } ]
            } ]
          }, {
            "name" : "Logo",
            "place" : {
              "filePath" : "mobileSale.gspec",
              "lineNumber" : 40
            },
            "objects" : [ {
              "name" : "logo",
              "specs" : [ {
                "status" : "info",
                "place" : {
                  "filePath" : "mobileSale.gspec",
                  "lineNumber" : 42
                },
                "name" : "centered horizontally on header",
                "highlight" : [ "logo", "header" ]
              }, {
                "status" : "info",
                "place" : {
                  "filePath" : "mobileSale.gspec",
                  "lineNumber" : 43
                },
                "name" : "on top edge header -35px top",
                "highlight" : [ "logo", "header" ]
              } ]
            } ]
          }, {
            "name" : "Tabela",
            "place" : {
              "filePath" : "mobileSale.gspec",
              "lineNumber" : 46
            },
            "objects" : [ {
              "name" : "tabela",
              "specs" : [ {
                "status" : "info",
                "place" : {
                  "filePath" : "mobileSale.gspec",
                  "lineNumber" : 48
                },
                "name" : "centered horizontally inside sadrzaj",
                "highlight" : [ "tabela", "sadrzaj" ]
              } ]
            } ]
          } ],
          "objects" : {
            "li-meni-1" : {
              "area" : [ 25, 130, 516, 18 ]
            },
            "tabela" : {
              "area" : [ 174, 290, 217, 403 ]
            },
            "header" : {
              "area" : [ 0, 70, 566, 195 ]
            },
            "logo" : {
              "area" : [ 0, 105, 566, 0 ]
            },
            "li-meni-3" : {
              "area" : [ 25, 176, 516, 18 ]
            },
            "li-meni-2" : {
              "area" : [ 25, 153, 516, 18 ]
            },
            "li-meni-5" : {
              "area" : [ 25, 222, 516, 18 ]
            },
            "sadrzaj" : {
              "area" : [ 0, 270, 566, 443 ]
            },
            "li-meni-4" : {
              "area" : [ 25, 199, 516, 18 ]
            }
          },
          "screenshot" : "layout-1-screenshot.png",
          "type" : "layout"
        } ],
        "time" : 1573669621740,
        "type" : "node"
      } ],
      "time" : 1573669614981,
      "type" : "node"
    } ]
  }
}