{
  "testId" : "1-mobilerezervacija.gspec",
  "name" : "mobileRezervacija.gspec",
  "report" : {
    "nodes" : [ {
      "name" : "Simple check",
      "status" : "info",
      "nodes" : [ {
        "name" : "check  mobileRezervacija.gspec --url C:/Users/Damir/Desktop/spirale/wt1916928/spirala1/rezervacija.html --size 599x400 --htmlreport reports",
        "status" : "info",
        "nodes" : [ {
          "name" : "Check layout: mobileRezervacija.gspec included tags: ",
          "status" : "info",
          "time" : 1573669689469,
          "sections" : [ {
            "name" : "Header",
            "place" : {
              "filePath" : "mobileRezervacija.gspec",
              "lineNumber" : 12
            },
            "objects" : [ {
              "name" : "header",
              "specs" : [ {
                "status" : "info",
                "place" : {
                  "filePath" : "mobileRezervacija.gspec",
                  "lineNumber" : 14
                },
                "name" : "contains logo",
                "highlight" : [ "header", "logo" ]
              } ]
            } ]
          }, {
            "name" : "Logo",
            "place" : {
              "filePath" : "mobileRezervacija.gspec",
              "lineNumber" : 16
            },
            "objects" : [ {
              "name" : "logo",
              "specs" : [ {
                "status" : "info",
                "place" : {
                  "filePath" : "mobileRezervacija.gspec",
                  "lineNumber" : 18
                },
                "name" : "centered horizontally on header",
                "highlight" : [ "logo", "header" ]
              }, {
                "status" : "info",
                "place" : {
                  "filePath" : "mobileRezervacija.gspec",
                  "lineNumber" : 19
                },
                "name" : "on top edge header -35px top",
                "highlight" : [ "logo", "header" ]
              } ]
            } ]
          }, {
            "name" : "Rezervacija",
            "place" : {
              "filePath" : "mobileRezervacija.gspec",
              "lineNumber" : 21
            },
            "objects" : [ {
              "name" : "rezervacija",
              "specs" : [ {
                "status" : "info",
                "place" : {
                  "filePath" : "mobileRezervacija.gspec",
                  "lineNumber" : 23
                },
                "name" : "above kalendar",
                "meta" : [ {
                  "from" : {
                    "object" : "rezervacija",
                    "edge" : "bottom"
                  },
                  "to" : {
                    "object" : "kalendar",
                    "edge" : "top"
                  },
                  "expectedDistance" : ">= 0px",
                  "realDistance" : "20px"
                } ],
                "highlight" : [ "rezervacija", "kalendar" ]
              } ]
            } ]
          }, {
            "name" : "Sedmica",
            "place" : {
              "filePath" : "mobileRezervacija.gspec",
              "lineNumber" : 25
            },
            "objects" : [ {
              "name" : "sedmica-1",
              "specs" : [ {
                "status" : "info",
                "place" : {
                  "filePath" : "mobileRezervacija.gspec",
                  "lineNumber" : 27
                },
                "name" : "absent",
                "highlight" : [ ]
              } ]
            }, {
              "name" : "sedmica-2",
              "specs" : [ {
                "status" : "info",
                "place" : {
                  "filePath" : "mobileRezervacija.gspec",
                  "lineNumber" : 29
                },
                "name" : "visible",
                "highlight" : [ "sedmica-2" ]
              }, {
                "status" : "info",
                "place" : {
                  "filePath" : "mobileRezervacija.gspec",
                  "lineNumber" : 30
                },
                "name" : "aligned horizontally top dani",
                "highlight" : [ "sedmica-2", "dani" ]
              } ]
            }, {
              "name" : "sedmica-3",
              "specs" : [ {
                "status" : "info",
                "place" : {
                  "filePath" : "mobileRezervacija.gspec",
                  "lineNumber" : 32
                },
                "name" : "absent",
                "highlight" : [ ]
              } ]
            }, {
              "name" : "sedmica-4",
              "specs" : [ {
                "status" : "info",
                "place" : {
                  "filePath" : "mobileRezervacija.gspec",
                  "lineNumber" : 34
                },
                "name" : "absent",
                "highlight" : [ ]
              } ]
            } ]
          }, {
            "name" : "Dugmad",
            "place" : {
              "filePath" : "mobileRezervacija.gspec",
              "lineNumber" : 36
            },
            "objects" : [ {
              "name" : "div-dugmad",
              "specs" : [ {
                "status" : "info",
                "place" : {
                  "filePath" : "mobileRezervacija.gspec",
                  "lineNumber" : 38
                },
                "name" : "below kalendar",
                "meta" : [ {
                  "from" : {
                    "object" : "div-dugmad",
                    "edge" : "top"
                  },
                  "to" : {
                    "object" : "kalendar",
                    "edge" : "bottom"
                  },
                  "expectedDistance" : ">= 0px",
                  "realDistance" : "20px"
                } ],
                "highlight" : [ "div-dugmad", "kalendar" ]
              } ]
            } ]
          } ],
          "objects" : {
            "rezervacija" : {
              "area" : [ 163, 270, 240, 185 ]
            },
            "dani" : {
              "area" : [ 213, 556, 46, 259 ]
            },
            "header" : {
              "area" : [ 0, 70, 566, 195 ]
            },
            "logo" : {
              "area" : [ 0, 105, 566, 0 ]
            },
            "sedmica-2" : {
              "area" : [ 259, 556, 56, 259 ]
            },
            "div-dugmad" : {
              "area" : [ 48, 861, 470, 85 ]
            },
            "kalendar" : {
              "area" : [ 180, 475, 206, 366 ]
            }
          },
          "screenshot" : "layout-1-screenshot.png",
          "type" : "layout"
        } ],
        "time" : 1573669685958,
        "type" : "node"
      } ],
      "time" : 1573669679588,
      "type" : "node"
    } ]
  }
}