{
  "testId" : "1-pocetna.gspec",
  "name" : "pocetna.gspec",
  "report" : {
    "nodes" : [ {
      "name" : "Simple check",
      "status" : "info",
      "nodes" : [ {
        "name" : "check  pocetna.gspec --url C:/Users/Damir/Desktop/spirale/wt1916928/spirala1/pocetna.html --size 1366x786 --htmlreport reports",
        "status" : "info",
        "nodes" : [ {
          "name" : "Check layout: pocetna.gspec included tags: ",
          "status" : "info",
          "time" : 1573669499979,
          "sections" : [ {
            "name" : "Header",
            "place" : {
              "filePath" : "pocetna.gspec",
              "lineNumber" : 9
            },
            "objects" : [ {
              "name" : "header",
              "specs" : [ {
                "status" : "info",
                "place" : {
                  "filePath" : "pocetna.gspec",
                  "lineNumber" : 11
                },
                "name" : "contains logo",
                "highlight" : [ "header", "logo" ]
              } ]
            } ]
          }, {
            "name" : "Logo",
            "place" : {
              "filePath" : "pocetna.gspec",
              "lineNumber" : 13
            },
            "objects" : [ {
              "name" : "logo",
              "specs" : [ {
                "status" : "info",
                "place" : {
                  "filePath" : "pocetna.gspec",
                  "lineNumber" : 15
                },
                "name" : "centered horizontally on header",
                "highlight" : [ "logo", "header" ]
              }, {
                "status" : "info",
                "place" : {
                  "filePath" : "pocetna.gspec",
                  "lineNumber" : 16
                },
                "name" : "on top edge header -35px top",
                "highlight" : [ "logo", "header" ]
              } ]
            } ]
          }, {
            "name" : "PictureGrid",
            "place" : {
              "filePath" : "pocetna.gspec",
              "lineNumber" : 18
            },
            "objects" : [ {
              "name" : "pictureGrid",
              "specs" : [ {
                "status" : "info",
                "place" : {
                  "filePath" : "pocetna.gspec",
                  "lineNumber" : 20
                },
                "name" : "inside sadrzaj",
                "meta" : [ ],
                "highlight" : [ "pictureGrid", "sadrzaj" ]
              } ]
            } ]
          }, {
            "name" : "Main",
            "place" : {
              "filePath" : "pocetna.gspec",
              "lineNumber" : 22
            },
            "objects" : [ {
              "name" : "global",
              "specs" : [ {
                "status" : "info",
                "place" : {
                  "filePath" : "pocetna.gspec",
                  "lineNumber" : 24
                },
                "name" : "count any slika-* is 10",
                "highlight" : [ "slika-8", "slika-7", "slika-9", "slika-10", "slika-2", "slika-1", "slika-4", "slika-3", "slika-6", "slika-5" ]
              } ]
            } ]
          }, {
            "name" : "Slike",
            "place" : {
              "filePath" : "pocetna.gspec",
              "lineNumber" : 26
            },
            "objects" : [ {
              "name" : "slika-1",
              "specs" : [ {
                "status" : "info",
                "place" : {
                  "filePath" : "pocetna.gspec",
                  "lineNumber" : 28
                },
                "name" : "left-of slika-2",
                "meta" : [ {
                  "from" : {
                    "object" : "slika-1",
                    "edge" : "right"
                  },
                  "to" : {
                    "object" : "slika-2",
                    "edge" : "left"
                  },
                  "expectedDistance" : ">= 0px",
                  "realDistance" : "186px"
                } ],
                "highlight" : [ "slika-1", "slika-2" ]
              }, {
                "status" : "info",
                "place" : {
                  "filePath" : "pocetna.gspec",
                  "lineNumber" : 29
                },
                "name" : "aligned horizontally all slika-2",
                "highlight" : [ "slika-1", "slika-2" ]
              }, {
                "status" : "info",
                "place" : {
                  "filePath" : "pocetna.gspec",
                  "lineNumber" : 30
                },
                "name" : "aligned horizontally all slika-3",
                "highlight" : [ "slika-1", "slika-3" ]
              }, {
                "status" : "info",
                "place" : {
                  "filePath" : "pocetna.gspec",
                  "lineNumber" : 31
                },
                "name" : "above slika-4",
                "meta" : [ {
                  "from" : {
                    "object" : "slika-1",
                    "edge" : "bottom"
                  },
                  "to" : {
                    "object" : "slika-4",
                    "edge" : "top"
                  },
                  "expectedDistance" : ">= 0px",
                  "realDistance" : "15px"
                } ],
                "highlight" : [ "slika-1", "slika-4" ]
              }, {
                "status" : "info",
                "place" : {
                  "filePath" : "pocetna.gspec",
                  "lineNumber" : 32
                },
                "name" : "above slika-7",
                "meta" : [ {
                  "from" : {
                    "object" : "slika-1",
                    "edge" : "bottom"
                  },
                  "to" : {
                    "object" : "slika-7",
                    "edge" : "top"
                  },
                  "expectedDistance" : ">= 0px",
                  "realDistance" : "330px"
                } ],
                "highlight" : [ "slika-1", "slika-7" ]
              }, {
                "status" : "info",
                "place" : {
                  "filePath" : "pocetna.gspec",
                  "lineNumber" : 33
                },
                "name" : "above slika-10",
                "meta" : [ {
                  "from" : {
                    "object" : "slika-1",
                    "edge" : "bottom"
                  },
                  "to" : {
                    "object" : "slika-10",
                    "edge" : "top"
                  },
                  "expectedDistance" : ">= 0px",
                  "realDistance" : "645px"
                } ],
                "highlight" : [ "slika-1", "slika-10" ]
              } ]
            }, {
              "name" : "slika-2",
              "specs" : [ {
                "status" : "info",
                "place" : {
                  "filePath" : "pocetna.gspec",
                  "lineNumber" : 35
                },
                "name" : "left-of slika-3",
                "meta" : [ {
                  "from" : {
                    "object" : "slika-2",
                    "edge" : "right"
                  },
                  "to" : {
                    "object" : "slika-3",
                    "edge" : "left"
                  },
                  "expectedDistance" : ">= 0px",
                  "realDistance" : "186px"
                } ],
                "highlight" : [ "slika-2", "slika-3" ]
              }, {
                "status" : "info",
                "place" : {
                  "filePath" : "pocetna.gspec",
                  "lineNumber" : 36
                },
                "name" : "above slika-5",
                "meta" : [ {
                  "from" : {
                    "object" : "slika-2",
                    "edge" : "bottom"
                  },
                  "to" : {
                    "object" : "slika-5",
                    "edge" : "top"
                  },
                  "expectedDistance" : ">= 0px",
                  "realDistance" : "15px"
                } ],
                "highlight" : [ "slika-2", "slika-5" ]
              }, {
                "status" : "info",
                "place" : {
                  "filePath" : "pocetna.gspec",
                  "lineNumber" : 37
                },
                "name" : "above slika-8",
                "meta" : [ {
                  "from" : {
                    "object" : "slika-2",
                    "edge" : "bottom"
                  },
                  "to" : {
                    "object" : "slika-8",
                    "edge" : "top"
                  },
                  "expectedDistance" : ">= 0px",
                  "realDistance" : "330px"
                } ],
                "highlight" : [ "slika-2", "slika-8" ]
              } ]
            }, {
              "name" : "slika-3",
              "specs" : [ {
                "status" : "info",
                "place" : {
                  "filePath" : "pocetna.gspec",
                  "lineNumber" : 39
                },
                "name" : "above slika-6",
                "meta" : [ {
                  "from" : {
                    "object" : "slika-3",
                    "edge" : "bottom"
                  },
                  "to" : {
                    "object" : "slika-6",
                    "edge" : "top"
                  },
                  "expectedDistance" : ">= 0px",
                  "realDistance" : "15px"
                } ],
                "highlight" : [ "slika-3", "slika-6" ]
              }, {
                "status" : "info",
                "place" : {
                  "filePath" : "pocetna.gspec",
                  "lineNumber" : 40
                },
                "name" : "above slika-9",
                "meta" : [ {
                  "from" : {
                    "object" : "slika-3",
                    "edge" : "bottom"
                  },
                  "to" : {
                    "object" : "slika-9",
                    "edge" : "top"
                  },
                  "expectedDistance" : ">= 0px",
                  "realDistance" : "330px"
                } ],
                "highlight" : [ "slika-3", "slika-9" ]
              } ]
            }, {
              "name" : "slika-4",
              "specs" : [ {
                "status" : "info",
                "place" : {
                  "filePath" : "pocetna.gspec",
                  "lineNumber" : 42
                },
                "name" : "left-of slika-5",
                "meta" : [ {
                  "from" : {
                    "object" : "slika-4",
                    "edge" : "right"
                  },
                  "to" : {
                    "object" : "slika-5",
                    "edge" : "left"
                  },
                  "expectedDistance" : ">= 0px",
                  "realDistance" : "186px"
                } ],
                "highlight" : [ "slika-4", "slika-5" ]
              }, {
                "status" : "info",
                "place" : {
                  "filePath" : "pocetna.gspec",
                  "lineNumber" : 43
                },
                "name" : "above slika-7",
                "meta" : [ {
                  "from" : {
                    "object" : "slika-4",
                    "edge" : "bottom"
                  },
                  "to" : {
                    "object" : "slika-7",
                    "edge" : "top"
                  },
                  "expectedDistance" : ">= 0px",
                  "realDistance" : "15px"
                } ],
                "highlight" : [ "slika-4", "slika-7" ]
              }, {
                "status" : "info",
                "place" : {
                  "filePath" : "pocetna.gspec",
                  "lineNumber" : 44
                },
                "name" : "above slika-10",
                "meta" : [ {
                  "from" : {
                    "object" : "slika-4",
                    "edge" : "bottom"
                  },
                  "to" : {
                    "object" : "slika-10",
                    "edge" : "top"
                  },
                  "expectedDistance" : ">= 0px",
                  "realDistance" : "330px"
                } ],
                "highlight" : [ "slika-4", "slika-10" ]
              } ]
            }, {
              "name" : "slika-5",
              "specs" : [ {
                "status" : "info",
                "place" : {
                  "filePath" : "pocetna.gspec",
                  "lineNumber" : 46
                },
                "name" : "left-of slika-6",
                "meta" : [ {
                  "from" : {
                    "object" : "slika-5",
                    "edge" : "right"
                  },
                  "to" : {
                    "object" : "slika-6",
                    "edge" : "left"
                  },
                  "expectedDistance" : ">= 0px",
                  "realDistance" : "186px"
                } ],
                "highlight" : [ "slika-5", "slika-6" ]
              }, {
                "status" : "info",
                "place" : {
                  "filePath" : "pocetna.gspec",
                  "lineNumber" : 47
                },
                "name" : "above slika-8",
                "meta" : [ {
                  "from" : {
                    "object" : "slika-5",
                    "edge" : "bottom"
                  },
                  "to" : {
                    "object" : "slika-8",
                    "edge" : "top"
                  },
                  "expectedDistance" : ">= 0px",
                  "realDistance" : "15px"
                } ],
                "highlight" : [ "slika-5", "slika-8" ]
              } ]
            }, {
              "name" : "slika-6",
              "specs" : [ {
                "status" : "info",
                "place" : {
                  "filePath" : "pocetna.gspec",
                  "lineNumber" : 49
                },
                "name" : "above slika-9",
                "meta" : [ {
                  "from" : {
                    "object" : "slika-6",
                    "edge" : "bottom"
                  },
                  "to" : {
                    "object" : "slika-9",
                    "edge" : "top"
                  },
                  "expectedDistance" : ">= 0px",
                  "realDistance" : "15px"
                } ],
                "highlight" : [ "slika-6", "slika-9" ]
              } ]
            } ]
          } ],
          "objects" : {
            "slika-8" : {
              "area" : [ 456, 818, 250, 300 ]
            },
            "slika-7" : {
              "area" : [ 20, 818, 250, 300 ]
            },
            "slika-9" : {
              "area" : [ 892, 818, 250, 300 ]
            },
            "slika-10" : {
              "area" : [ 20, 1133, 250, 300 ]
            },
            "sadrzaj" : {
              "area" : [ 0, 168, 1333, 1285 ]
            },
            "header" : {
              "area" : [ 0, 70, 1333, 93 ]
            },
            "logo" : {
              "area" : [ 0, 105, 1333, 0 ]
            },
            "slika-2" : {
              "area" : [ 456, 188, 250, 300 ]
            },
            "pictureGrid" : {
              "area" : [ 0, 168, 1333, 1285 ]
            },
            "slika-1" : {
              "area" : [ 20, 188, 250, 300 ]
            },
            "slika-4" : {
              "area" : [ 20, 503, 250, 300 ]
            },
            "slika-3" : {
              "area" : [ 892, 188, 250, 300 ]
            },
            "slika-6" : {
              "area" : [ 892, 503, 250, 300 ]
            },
            "slika-5" : {
              "area" : [ 456, 503, 250, 300 ]
            }
          },
          "screenshot" : "layout-1-screenshot.png",
          "type" : "layout"
        } ],
        "time" : 1573669493747,
        "type" : "node"
      } ],
      "time" : 1573669487335,
      "type" : "node"
    } ]
  }
}