{
  "testId" : "1-unos.gspec",
  "name" : "unos.gspec",
  "report" : {
    "nodes" : [ {
      "name" : "Simple check",
      "status" : "info",
      "nodes" : [ {
        "name" : "check  unos.gspec --url http://localhost:8080/unos.html --size 1024x768 --htmlreport izvjestaji_unos",
        "status" : "info",
        "nodes" : [ {
          "name" : "Check layout: unos.gspec included tags: ",
          "status" : "info",
          "time" : 1573513286307,
          "sections" : [ {
            "name" : "Header section",
            "place" : {
              "filePath" : "unos.gspec",
              "lineNumber" : 15
            },
            "objects" : [ {
              "name" : "meni",
              "specs" : [ {
                "status" : "info",
                "place" : {
                  "filePath" : "unos.gspec",
                  "lineNumber" : 17
                },
                "name" : "contains li",
                "highlight" : [ "meni", "li" ]
              }, {
                "status" : "info",
                "place" : {
                  "filePath" : "unos.gspec",
                  "lineNumber" : 18
                },
                "name" : "css text-align is \"center\"",
                "highlight" : [ "meni" ]
              }, {
                "status" : "info",
                "place" : {
                  "filePath" : "unos.gspec",
                  "lineNumber" : 19
                },
                "name" : "width 95 to 100 % of screen/width",
                "meta" : [ {
                  "from" : {
                    "object" : "meni",
                    "edge" : "left"
                  },
                  "to" : {
                    "object" : "meni",
                    "edge" : "right"
                  },
                  "expectedDistance" : "95 to 100% [961 to 1012px]",
                  "realDistance" : "98% [996px]"
                } ],
                "highlight" : [ "meni" ]
              } ]
            }, {
              "name" : "logo",
              "specs" : [ {
                "status" : "info",
                "place" : {
                  "filePath" : "unos.gspec",
                  "lineNumber" : 21
                },
                "name" : "near meni -3px top",
                "meta" : [ {
                  "from" : {
                    "object" : "logo",
                    "edge" : "bottom"
                  },
                  "to" : {
                    "object" : "meni",
                    "edge" : "top"
                  },
                  "expectedDistance" : "-3px",
                  "realDistance" : "-3px"
                } ],
                "highlight" : [ "logo", "meni" ]
              } ]
            }, {
              "name" : "li",
              "specs" : [ {
                "status" : "info",
                "place" : {
                  "filePath" : "unos.gspec",
                  "lineNumber" : 23
                },
                "name" : "css display is \"inline-block\"",
                "highlight" : [ "li" ]
              } ]
            }, {
              "name" : "lista-stavka-1",
              "specs" : [ {
                "status" : "info",
                "place" : {
                  "filePath" : "unos.gspec",
                  "lineNumber" : 25
                },
                "name" : "text contains \"Početna\"",
                "highlight" : [ "lista-stavka-1" ]
              } ]
            }, {
              "name" : "lista-stavka-2",
              "specs" : [ {
                "status" : "info",
                "place" : {
                  "filePath" : "unos.gspec",
                  "lineNumber" : 27
                },
                "name" : "text contains \"Sale\"",
                "highlight" : [ "lista-stavka-2" ]
              } ]
            }, {
              "name" : "lista-stavka-3",
              "specs" : [ {
                "status" : "info",
                "place" : {
                  "filePath" : "unos.gspec",
                  "lineNumber" : 29
                },
                "name" : "text contains \"Unos\"",
                "highlight" : [ "lista-stavka-3" ]
              }, {
                "status" : "info",
                "place" : {
                  "filePath" : "unos.gspec",
                  "lineNumber" : 30
                },
                "name" : "css text-decoration-line is \"none\"",
                "highlight" : [ "lista-stavka-3" ]
              } ]
            }, {
              "name" : "lista-stavka-4",
              "specs" : [ {
                "status" : "info",
                "place" : {
                  "filePath" : "unos.gspec",
                  "lineNumber" : 32
                },
                "name" : "text contains \"Rezervacije\"",
                "highlight" : [ "lista-stavka-4" ]
              } ]
            }, {
              "name" : "lista-stavka-5",
              "specs" : [ {
                "status" : "info",
                "place" : {
                  "filePath" : "unos.gspec",
                  "lineNumber" : 34
                },
                "name" : "text contains \"Osobe\"",
                "highlight" : [ "lista-stavka-5" ]
              } ]
            } ]
          }, {
            "name" : "Main section",
            "place" : {
              "filePath" : "unos.gspec",
              "lineNumber" : 36
            },
            "objects" : [ {
              "name" : "sadrzaj",
              "specs" : [ {
                "status" : "info",
                "place" : {
                  "filePath" : "unos.gspec",
                  "lineNumber" : 38
                },
                "name" : "contains naziv,brojMjesta,odgovornaOsoba,sprat,unos",
                "highlight" : [ "sadrzaj", "naziv", "brojMjesta", "odgovornaOsoba", "sprat", "unos" ]
              }, {
                "status" : "info",
                "place" : {
                  "filePath" : "unos.gspec",
                  "lineNumber" : 39
                },
                "name" : "css background-color is \"rgb(82, 158, 241)\"",
                "highlight" : [ "sadrzaj" ]
              } ]
            }, {
              "name" : "naziv",
              "specs" : [ {
                "status" : "info",
                "place" : {
                  "filePath" : "unos.gspec",
                  "lineNumber" : 41
                },
                "name" : "above brojMjesta 0 to 20 px",
                "meta" : [ {
                  "from" : {
                    "object" : "naziv",
                    "edge" : "bottom"
                  },
                  "to" : {
                    "object" : "brojMjesta",
                    "edge" : "top"
                  },
                  "expectedDistance" : "0 to 20px",
                  "realDistance" : "0px"
                } ],
                "highlight" : [ "naziv", "brojMjesta" ]
              } ]
            }, {
              "name" : "brojMjesta",
              "specs" : [ {
                "status" : "info",
                "place" : {
                  "filePath" : "unos.gspec",
                  "lineNumber" : 43
                },
                "name" : "above odgovornaOsoba 0 to 20 px",
                "meta" : [ {
                  "from" : {
                    "object" : "brojMjesta",
                    "edge" : "bottom"
                  },
                  "to" : {
                    "object" : "odgovornaOsoba",
                    "edge" : "top"
                  },
                  "expectedDistance" : "0 to 20px",
                  "realDistance" : "0px"
                } ],
                "highlight" : [ "brojMjesta", "odgovornaOsoba" ]
              } ]
            }, {
              "name" : "odgovornaOsoba",
              "specs" : [ {
                "status" : "info",
                "place" : {
                  "filePath" : "unos.gspec",
                  "lineNumber" : 45
                },
                "name" : "above sprat 0 to 20 px",
                "meta" : [ {
                  "from" : {
                    "object" : "odgovornaOsoba",
                    "edge" : "bottom"
                  },
                  "to" : {
                    "object" : "sprat",
                    "edge" : "top"
                  },
                  "expectedDistance" : "0 to 20px",
                  "realDistance" : "0px"
                } ],
                "highlight" : [ "odgovornaOsoba", "sprat" ]
              } ]
            }, {
              "name" : "sprat",
              "specs" : [ {
                "status" : "info",
                "place" : {
                  "filePath" : "unos.gspec",
                  "lineNumber" : 47
                },
                "name" : "above unos 0 to 20 px",
                "meta" : [ {
                  "from" : {
                    "object" : "sprat",
                    "edge" : "bottom"
                  },
                  "to" : {
                    "object" : "unos",
                    "edge" : "top"
                  },
                  "expectedDistance" : "0 to 20px",
                  "realDistance" : "0px"
                } ],
                "highlight" : [ "sprat", "unos" ]
              } ]
            } ]
          } ],
          "objects" : {
            "meni" : {
              "area" : [ 8, 46, 996, 70 ]
            },
            "sprat" : {
              "area" : [ 555, 196, 147, 22 ]
            },
            "naziv" : {
              "area" : [ 555, 130, 147, 22 ]
            },
            "unos" : {
              "area" : [ 555, 218, 102, 22 ]
            },
            "sadrzaj" : {
              "area" : [ 8, 125, 996, 115 ]
            },
            "odgovornaOsoba" : {
              "area" : [ 555, 174, 147, 22 ]
            },
            "lista-stavka-2" : {
              "area" : [ 458, 91, 27, 17 ]
            },
            "lista-stavka-1" : {
              "area" : [ 403, 91, 50, 17 ]
            },
            "lista-stavka-4" : {
              "area" : [ 527, 91, 75, 17 ]
            },
            "lista-stavka-3" : {
              "area" : [ 490, 91, 33, 17 ]
            },
            "lista-stavka-5" : {
              "area" : [ 607, 91, 40, 17 ]
            },
            "logo" : {
              "area" : [ 506, 14, 60, 35 ]
            },
            "brojMjesta" : {
              "area" : [ 555, 152, 146, 22 ]
            },
            "li" : {
              "area" : [ 403, 91, 50, 18 ]
            }
          },
          "screenshot" : "layout-1-screenshot.png",
          "type" : "layout"
        } ],
        "time" : 1573513283523,
        "type" : "node"
      } ],
      "time" : 1573513278202,
      "type" : "node"
    } ]
  }
}