{
  "testId" : "1-mobilesale.gspec",
  "name" : "mobileSale.gspec",
  "report" : {
    "nodes" : [ {
      "name" : "Mutation test",
      "status" : "info",
      "nodes" : [ {
        "name" : "check  mobileSale.gspec --url http://localhost/sale.html --size 600x768 --htmlreport izvjestaji_pokrivenosti",
        "status" : "info",
        "nodes" : [ {
          "name" : "Check layout: mobileSale.gspec included tags: ",
          "status" : "info",
          "time" : 1573655259560,
          "sections" : [ {
            "name" : "Meni section",
            "place" : {
              "filePath" : "mobileSale.gspec",
              "lineNumber" : 12
            },
            "objects" : [ {
              "name" : "meni",
              "specs" : [ {
                "status" : "info",
                "place" : {
                  "filePath" : "mobileSale.gspec",
                  "lineNumber" : 14
                },
                "name" : "inside screen 60px top",
                "meta" : [ {
                  "from" : {
                    "object" : "meni",
                    "edge" : "top"
                  },
                  "to" : {
                    "object" : "screen",
                    "edge" : "top"
                  },
                  "expectedDistance" : "60px",
                  "realDistance" : "60px"
                } ],
                "highlight" : [ "meni", "screen" ]
              } ]
            }, {
              "name" : "stavka_menija-1",
              "specs" : [ {
                "status" : "info",
                "place" : {
                  "filePath" : "mobileSale.gspec",
                  "lineNumber" : 17
                },
                "name" : "text is \"Po�?etna\"",
                "highlight" : [ "stavka_menija-1" ]
              }, {
                "status" : "info",
                "place" : {
                  "filePath" : "mobileSale.gspec",
                  "lineNumber" : 18
                },
                "name" : "aligned vertically left stavka_menija-2",
                "highlight" : [ "stavka_menija-1", "stavka_menija-2" ]
              }, {
                "status" : "info",
                "place" : {
                  "filePath" : "mobileSale.gspec",
                  "lineNumber" : 19
                },
                "name" : "aligned vertically left stavka_menija-3",
                "highlight" : [ "stavka_menija-1", "stavka_menija-3" ]
              }, {
                "status" : "info",
                "place" : {
                  "filePath" : "mobileSale.gspec",
                  "lineNumber" : 20
                },
                "name" : "aligned vertically left stavka_menija-4",
                "highlight" : [ "stavka_menija-1", "stavka_menija-4" ]
              }, {
                "status" : "info",
                "place" : {
                  "filePath" : "mobileSale.gspec",
                  "lineNumber" : 21
                },
                "name" : "aligned vertically left stavka_menija-5",
                "highlight" : [ "stavka_menija-1", "stavka_menija-5" ]
              } ]
            }, {
              "name" : "stavka_menija-2",
              "specs" : [ {
                "status" : "info",
                "place" : {
                  "filePath" : "mobileSale.gspec",
                  "lineNumber" : 24
                },
                "name" : "text is \"Sale\"",
                "highlight" : [ "stavka_menija-2" ]
              } ]
            }, {
              "name" : "stavka_menija-3",
              "specs" : [ {
                "status" : "info",
                "place" : {
                  "filePath" : "mobileSale.gspec",
                  "lineNumber" : 27
                },
                "name" : "text is \"Unos\"",
                "highlight" : [ "stavka_menija-3" ]
              } ]
            }, {
              "name" : "stavka_menija-4",
              "specs" : [ {
                "status" : "info",
                "place" : {
                  "filePath" : "mobileSale.gspec",
                  "lineNumber" : 30
                },
                "name" : "text is \"Rezervacije\"",
                "highlight" : [ "stavka_menija-4" ]
              } ]
            }, {
              "name" : "stavka_menija-5",
              "specs" : [ {
                "status" : "info",
                "place" : {
                  "filePath" : "mobileSale.gspec",
                  "lineNumber" : 33
                },
                "name" : "text is \"Osobe\"",
                "highlight" : [ "stavka_menija-5" ]
              } ]
            }, {
              "name" : "logo",
              "specs" : [ {
                "status" : "info",
                "place" : {
                  "filePath" : "mobileSale.gspec",
                  "lineNumber" : 36
                },
                "name" : "inside screen",
                "meta" : [ ],
                "highlight" : [ "logo", "screen" ]
              }, {
                "status" : "info",
                "place" : {
                  "filePath" : "mobileSale.gspec",
                  "lineNumber" : 37
                },
                "name" : "centered horizontally inside meni",
                "highlight" : [ "logo", "meni" ]
              } ]
            } ]
          }, {
            "name" : "Main section",
            "place" : {
              "filePath" : "mobileSale.gspec",
              "lineNumber" : 39
            },
            "objects" : [ {
              "name" : "sadrzaj",
              "specs" : [ {
                "status" : "info",
                "place" : {
                  "filePath" : "mobileSale.gspec",
                  "lineNumber" : 41
                },
                "name" : "inside screen",
                "meta" : [ ],
                "highlight" : [ "sadrzaj", "screen" ]
              }, {
                "status" : "info",
                "place" : {
                  "filePath" : "mobileSale.gspec",
                  "lineNumber" : 42
                },
                "name" : "contains tabela_sala",
                "highlight" : [ "sadrzaj", "tabela_sala" ]
              } ]
            }, {
              "name" : "tabela_sala",
              "specs" : [ {
                "status" : "info",
                "place" : {
                  "filePath" : "mobileSale.gspec",
                  "lineNumber" : 45
                },
                "name" : "height 600px",
                "meta" : [ {
                  "from" : {
                    "object" : "tabela_sala",
                    "edge" : "top"
                  },
                  "to" : {
                    "object" : "tabela_sala",
                    "edge" : "bottom"
                  },
                  "expectedDistance" : "600px",
                  "realDistance" : "600px"
                } ],
                "highlight" : [ "tabela_sala" ]
              }, {
                "status" : "info",
                "place" : {
                  "filePath" : "mobileSale.gspec",
                  "lineNumber" : 46
                },
                "name" : "centered horizontally inside sadrzaj",
                "highlight" : [ "tabela_sala", "sadrzaj" ]
              } ]
            }, {
              "name" : "header_redni",
              "specs" : [ {
                "status" : "info",
                "place" : {
                  "filePath" : "mobileSale.gspec",
                  "lineNumber" : 49
                },
                "name" : "absent",
                "highlight" : [ ]
              } ]
            }, {
              "name" : "header_sprat",
              "specs" : [ {
                "status" : "info",
                "place" : {
                  "filePath" : "mobileSale.gspec",
                  "lineNumber" : 52
                },
                "name" : "absent",
                "highlight" : [ ]
              } ]
            } ]
          } ],
          "objects" : {
            "meni" : {
              "area" : [ 0, 60, 570, 178 ]
            },
            "stavka_menija-3" : {
              "area" : [ 247, 177, 34, 18 ]
            },
            "tabela_sala" : {
              "area" : [ 159, 249, 252, 600 ]
            },
            "screen" : {
              "area" : [ 0, 0, 570, 856 ]
            },
            "stavka_menija-2" : {
              "area" : [ 247, 159, 28, 18 ]
            },
            "logo" : {
              "area" : [ 250, 25, 70, 70 ]
            },
            "stavka_menija-1" : {
              "area" : [ 247, 140, 51, 18 ]
            },
            "stavka_menija-5" : {
              "area" : [ 247, 214, 41, 18 ]
            },
            "sadrzaj" : {
              "area" : [ 0, 244, 570, 612 ]
            },
            "stavka_menija-4" : {
              "area" : [ 247, 196, 76, 18 ]
            }
          },
          "screenshot" : "layout-1-screenshot.png",
          "type" : "layout"
        }, {
          "name" : "Mutation testing: mobileSale.gspec included tags: ",
          "status" : "error",
          "time" : 1573655259560,
          "mutationReport" : {
            "objectMutationStatistics" : {
              "meni" : {
                "passed" : 8,
                "failed" : 2,
                "failedMutations" : [ "meni: increase height by 5px", "meni: decrease height by 5px" ]
              },
              "header_sprat" : {
                "passed" : 0,
                "failed" : 10,
                "failedMutations" : [ "header_sprat: drag left by 5px", "header_sprat: drag right by 5px", "header_sprat: drag top by 5px", "header_sprat: drag down by 5px", "header_sprat: increase width by 5px", "header_sprat: decrease width by 5px", "header_sprat: increase height by 5px", "header_sprat: decrease height by 5px", "header_sprat: move left edge right by 5px", "header_sprat: move top edge down by 5px" ]
              },
              "stavka_menija-3" : {
                "passed" : 3,
                "failed" : 7,
                "failedMutations" : [ "stavka_menija-3: drag top by 5px", "stavka_menija-3: drag down by 5px", "stavka_menija-3: increase width by 5px", "stavka_menija-3: decrease width by 5px", "stavka_menija-3: increase height by 5px", "stavka_menija-3: decrease height by 5px", "stavka_menija-3: move top edge down by 5px" ]
              },
              "tabela_sala" : {
                "passed" : 8,
                "failed" : 2,
                "failedMutations" : [ "tabela_sala: drag top by 5px", "tabela_sala: drag down by 5px" ]
              },
              "screen" : {
                "passed" : 8,
                "failed" : 2,
                "failedMutations" : [ "screen: increase width by 5px", "screen: increase height by 5px" ]
              },
              "stavka_menija-2" : {
                "passed" : 3,
                "failed" : 7,
                "failedMutations" : [ "stavka_menija-2: drag top by 5px", "stavka_menija-2: drag down by 5px", "stavka_menija-2: increase width by 5px", "stavka_menija-2: decrease width by 5px", "stavka_menija-2: increase height by 5px", "stavka_menija-2: decrease height by 5px", "stavka_menija-2: move top edge down by 5px" ]
              },
              "logo" : {
                "passed" : 5,
                "failed" : 5,
                "failedMutations" : [ "logo: drag top by 5px", "logo: drag down by 5px", "logo: increase height by 5px", "logo: decrease height by 5px", "logo: move top edge down by 5px" ]
              },
              "stavka_menija-1" : {
                "passed" : 3,
                "failed" : 7,
                "failedMutations" : [ "stavka_menija-1: drag top by 5px", "stavka_menija-1: drag down by 5px", "stavka_menija-1: increase width by 5px", "stavka_menija-1: decrease width by 5px", "stavka_menija-1: increase height by 5px", "stavka_menija-1: decrease height by 5px", "stavka_menija-1: move top edge down by 5px" ]
              },
              "stavka_menija-5" : {
                "passed" : 3,
                "failed" : 7,
                "failedMutations" : [ "stavka_menija-5: drag top by 5px", "stavka_menija-5: drag down by 5px", "stavka_menija-5: increase width by 5px", "stavka_menija-5: decrease width by 5px", "stavka_menija-5: increase height by 5px", "stavka_menija-5: decrease height by 5px", "stavka_menija-5: move top edge down by 5px" ]
              },
              "sadrzaj" : {
                "passed" : 7,
                "failed" : 3,
                "failedMutations" : [ "sadrzaj: drag top by 5px", "sadrzaj: decrease height by 5px", "sadrzaj: move top edge down by 5px" ]
              },
              "header_redni" : {
                "passed" : 0,
                "failed" : 10,
                "failedMutations" : [ "header_redni: drag left by 5px", "header_redni: drag right by 5px", "header_redni: drag top by 5px", "header_redni: drag down by 5px", "header_redni: increase width by 5px", "header_redni: decrease width by 5px", "header_redni: increase height by 5px", "header_redni: decrease height by 5px", "header_redni: move left edge right by 5px", "header_redni: move top edge down by 5px" ]
              },
              "stavka_menija-4" : {
                "passed" : 3,
                "failed" : 7,
                "failedMutations" : [ "stavka_menija-4: drag top by 5px", "stavka_menija-4: drag down by 5px", "stavka_menija-4: increase width by 5px", "stavka_menija-4: decrease width by 5px", "stavka_menija-4: increase height by 5px", "stavka_menija-4: decrease height by 5px", "stavka_menija-4: move top edge down by 5px" ]
              }
            },
            "totalPassed" : 51,
            "totalFailed" : 69,
            "totalMutations" : 120,
            "failedRatio" : 57.5
          },
          "type" : "mutation"
        } ],
        "time" : 1573655257145,
        "type" : "node"
      } ],
      "time" : 1573655246641,
      "type" : "node"
    } ]
  }
}