{
  "testId" : "1-mobilerezervacija.gspec",
  "name" : "mobileRezervacija.gspec",
  "report" : {
    "nodes" : [ {
      "name" : "Mutation test",
      "status" : "info",
      "nodes" : [ {
        "name" : "check  mobileRezervacija.gspec --url http://localhost/rezervacija.html --size 600x768 --htmlreport izvjestaji_pokrivenosti",
        "status" : "info",
        "nodes" : [ {
          "name" : "Check layout: mobileRezervacija.gspec included tags: ",
          "status" : "info",
          "time" : 1573655442334,
          "sections" : [ {
            "name" : "Meni section",
            "place" : {
              "filePath" : "mobileRezervacija.gspec",
              "lineNumber" : 13
            },
            "objects" : [ {
              "name" : "meni",
              "specs" : [ {
                "status" : "info",
                "place" : {
                  "filePath" : "mobileRezervacija.gspec",
                  "lineNumber" : 15
                },
                "name" : "inside screen 60px top",
                "meta" : [ {
                  "from" : {
                    "object" : "meni",
                    "edge" : "top"
                  },
                  "to" : {
                    "object" : "screen",
                    "edge" : "top"
                  },
                  "expectedDistance" : "60px",
                  "realDistance" : "60px"
                } ],
                "highlight" : [ "meni", "screen" ]
              } ]
            }, {
              "name" : "stavka_menija-1",
              "specs" : [ {
                "status" : "info",
                "place" : {
                  "filePath" : "mobileRezervacija.gspec",
                  "lineNumber" : 18
                },
                "name" : "text is \"Po�?etna\"",
                "highlight" : [ "stavka_menija-1" ]
              }, {
                "status" : "info",
                "place" : {
                  "filePath" : "mobileRezervacija.gspec",
                  "lineNumber" : 19
                },
                "name" : "aligned vertically left stavka_menija-2",
                "highlight" : [ "stavka_menija-1", "stavka_menija-2" ]
              }, {
                "status" : "info",
                "place" : {
                  "filePath" : "mobileRezervacija.gspec",
                  "lineNumber" : 20
                },
                "name" : "aligned vertically left stavka_menija-3",
                "highlight" : [ "stavka_menija-1", "stavka_menija-3" ]
              }, {
                "status" : "info",
                "place" : {
                  "filePath" : "mobileRezervacija.gspec",
                  "lineNumber" : 21
                },
                "name" : "aligned vertically left stavka_menija-4",
                "highlight" : [ "stavka_menija-1", "stavka_menija-4" ]
              }, {
                "status" : "info",
                "place" : {
                  "filePath" : "mobileRezervacija.gspec",
                  "lineNumber" : 22
                },
                "name" : "aligned vertically left stavka_menija-5",
                "highlight" : [ "stavka_menija-1", "stavka_menija-5" ]
              } ]
            }, {
              "name" : "stavka_menija-2",
              "specs" : [ {
                "status" : "info",
                "place" : {
                  "filePath" : "mobileRezervacija.gspec",
                  "lineNumber" : 25
                },
                "name" : "text is \"Sale\"",
                "highlight" : [ "stavka_menija-2" ]
              } ]
            }, {
              "name" : "stavka_menija-3",
              "specs" : [ {
                "status" : "info",
                "place" : {
                  "filePath" : "mobileRezervacija.gspec",
                  "lineNumber" : 28
                },
                "name" : "text is \"Unos\"",
                "highlight" : [ "stavka_menija-3" ]
              } ]
            }, {
              "name" : "stavka_menija-4",
              "specs" : [ {
                "status" : "info",
                "place" : {
                  "filePath" : "mobileRezervacija.gspec",
                  "lineNumber" : 31
                },
                "name" : "text is \"Rezervacije\"",
                "highlight" : [ "stavka_menija-4" ]
              } ]
            }, {
              "name" : "stavka_menija-5",
              "specs" : [ {
                "status" : "info",
                "place" : {
                  "filePath" : "mobileRezervacija.gspec",
                  "lineNumber" : 34
                },
                "name" : "text is \"Osobe\"",
                "highlight" : [ "stavka_menija-5" ]
              } ]
            }, {
              "name" : "logo",
              "specs" : [ {
                "status" : "info",
                "place" : {
                  "filePath" : "mobileRezervacija.gspec",
                  "lineNumber" : 37
                },
                "name" : "inside screen",
                "meta" : [ ],
                "highlight" : [ "logo", "screen" ]
              }, {
                "status" : "info",
                "place" : {
                  "filePath" : "mobileRezervacija.gspec",
                  "lineNumber" : 38
                },
                "name" : "centered horizontally inside meni",
                "highlight" : [ "logo", "meni" ]
              } ]
            } ]
          }, {
            "name" : "Main section",
            "place" : {
              "filePath" : "mobileRezervacija.gspec",
              "lineNumber" : 40
            },
            "objects" : [ {
              "name" : "sadrzaj",
              "specs" : [ {
                "status" : "info",
                "place" : {
                  "filePath" : "mobileRezervacija.gspec",
                  "lineNumber" : 42
                },
                "name" : "inside screen",
                "meta" : [ ],
                "highlight" : [ "sadrzaj", "screen" ]
              } ]
            }, {
              "name" : "naziv_dana-1",
              "specs" : [ {
                "status" : "info",
                "place" : {
                  "filePath" : "mobileRezervacija.gspec",
                  "lineNumber" : 45
                },
                "name" : "aligned vertically all naziv_dana-2",
                "highlight" : [ "naziv_dana-1", "naziv_dana-2" ]
              }, {
                "status" : "info",
                "place" : {
                  "filePath" : "mobileRezervacija.gspec",
                  "lineNumber" : 46
                },
                "name" : "aligned vertically all naziv_dana-3",
                "highlight" : [ "naziv_dana-1", "naziv_dana-3" ]
              }, {
                "status" : "info",
                "place" : {
                  "filePath" : "mobileRezervacija.gspec",
                  "lineNumber" : 47
                },
                "name" : "aligned vertically all naziv_dana-4",
                "highlight" : [ "naziv_dana-1", "naziv_dana-4" ]
              }, {
                "status" : "info",
                "place" : {
                  "filePath" : "mobileRezervacija.gspec",
                  "lineNumber" : 48
                },
                "name" : "aligned vertically all naziv_dana-5",
                "highlight" : [ "naziv_dana-1", "naziv_dana-5" ]
              }, {
                "status" : "info",
                "place" : {
                  "filePath" : "mobileRezervacija.gspec",
                  "lineNumber" : 49
                },
                "name" : "aligned vertically all naziv_dana-6",
                "highlight" : [ "naziv_dana-1", "naziv_dana-6" ]
              }, {
                "status" : "info",
                "place" : {
                  "filePath" : "mobileRezervacija.gspec",
                  "lineNumber" : 50
                },
                "name" : "aligned vertically all naziv_dana-7",
                "highlight" : [ "naziv_dana-1", "naziv_dana-7" ]
              } ]
            }, {
              "name" : "naziv_dana-5",
              "specs" : [ {
                "status" : "info",
                "place" : {
                  "filePath" : "mobileRezervacija.gspec",
                  "lineNumber" : 53
                },
                "name" : "aligned horizontally all dan_u_kalendaru-1",
                "highlight" : [ "naziv_dana-5", "dan_u_kalendaru-1" ]
              } ]
            }, {
              "name" : "naziv_dana-6",
              "specs" : [ {
                "status" : "info",
                "place" : {
                  "filePath" : "mobileRezervacija.gspec",
                  "lineNumber" : 56
                },
                "name" : "aligned horizontally all dan_u_kalendaru-2",
                "highlight" : [ "naziv_dana-6", "dan_u_kalendaru-2" ]
              } ]
            }, {
              "name" : "naziv_dana-7",
              "specs" : [ {
                "status" : "info",
                "place" : {
                  "filePath" : "mobileRezervacija.gspec",
                  "lineNumber" : 59
                },
                "name" : "aligned horizontally all dan_u_kalendaru-3",
                "highlight" : [ "naziv_dana-7", "dan_u_kalendaru-3" ]
              } ]
            }, {
              "name" : "dan_u_kalendaru-1",
              "specs" : [ {
                "status" : "info",
                "place" : {
                  "filePath" : "mobileRezervacija.gspec",
                  "lineNumber" : 62
                },
                "name" : "aligned vertically all dan_u_kalendaru-2",
                "highlight" : [ "dan_u_kalendaru-1", "dan_u_kalendaru-2" ]
              }, {
                "status" : "info",
                "place" : {
                  "filePath" : "mobileRezervacija.gspec",
                  "lineNumber" : 63
                },
                "name" : "aligned vertically all dan_u_kalendaru-3",
                "highlight" : [ "dan_u_kalendaru-1", "dan_u_kalendaru-3" ]
              } ]
            }, {
              "name" : "dugme_prethodni",
              "specs" : [ {
                "status" : "info",
                "place" : {
                  "filePath" : "mobileRezervacija.gspec",
                  "lineNumber" : 66
                },
                "name" : "aligned horizontally all dugme_sljedeci",
                "highlight" : [ "dugme_prethodni", "dugme_sljedeci" ]
              } ]
            } ]
          } ],
          "objects" : {
            "meni" : {
              "area" : [ 0, 60, 570, 178 ]
            },
            "dugme_prethodni" : {
              "area" : [ 114, 954, 120, 55 ]
            },
            "stavka_menija-3" : {
              "area" : [ 247, 177, 34, 18 ]
            },
            "naziv_dana-1" : {
              "area" : [ 153, 452, 115, 41 ]
            },
            "screen" : {
              "area" : [ 0, 0, 570, 1040 ]
            },
            "stavka_menija-2" : {
              "area" : [ 247, 159, 28, 18 ]
            },
            "dan_u_kalendaru-1" : {
              "area" : [ 301, 655, 116, 79 ]
            },
            "dugme_sljedeci" : {
              "area" : [ 336, 954, 120, 55 ]
            },
            "stavka_menija-1" : {
              "area" : [ 247, 140, 51, 18 ]
            },
            "stavka_menija-5" : {
              "area" : [ 247, 214, 41, 18 ]
            },
            "sadrzaj" : {
              "area" : [ 0, 244, 570, 796 ]
            },
            "dan_u_kalendaru-2" : {
              "area" : [ 301, 744, 116, 79 ]
            },
            "stavka_menija-4" : {
              "area" : [ 247, 196, 76, 18 ]
            },
            "dan_u_kalendaru-3" : {
              "area" : [ 301, 833, 116, 79 ]
            },
            "naziv_dana-7" : {
              "area" : [ 153, 833, 115, 79 ]
            },
            "naziv_dana-6" : {
              "area" : [ 153, 744, 115, 79 ]
            },
            "naziv_dana-5" : {
              "area" : [ 153, 655, 115, 79 ]
            },
            "naziv_dana-4" : {
              "area" : [ 153, 604, 115, 41 ]
            },
            "naziv_dana-3" : {
              "area" : [ 153, 553, 115, 41 ]
            },
            "naziv_dana-2" : {
              "area" : [ 153, 503, 115, 41 ]
            },
            "logo" : {
              "area" : [ 250, 25, 70, 70 ]
            }
          },
          "screenshot" : "layout-1-screenshot.png",
          "type" : "layout"
        }, {
          "name" : "Mutation testing: mobileRezervacija.gspec included tags: ",
          "status" : "error",
          "time" : 1573655442334,
          "mutationReport" : {
            "objectMutationStatistics" : {
              "meni" : {
                "passed" : 8,
                "failed" : 2,
                "failedMutations" : [ "meni: increase height by 5px", "meni: decrease height by 5px" ]
              },
              "dugme_prethodni" : {
                "passed" : 5,
                "failed" : 5,
                "failedMutations" : [ "dugme_prethodni: drag left by 5px", "dugme_prethodni: drag right by 5px", "dugme_prethodni: increase width by 5px", "dugme_prethodni: decrease width by 5px", "dugme_prethodni: move left edge right by 5px" ]
              },
              "stavka_menija-3" : {
                "passed" : 3,
                "failed" : 7,
                "failedMutations" : [ "stavka_menija-3: drag top by 5px", "stavka_menija-3: drag down by 5px", "stavka_menija-3: increase width by 5px", "stavka_menija-3: decrease width by 5px", "stavka_menija-3: increase height by 5px", "stavka_menija-3: decrease height by 5px", "stavka_menija-3: move top edge down by 5px" ]
              },
              "naziv_dana-1" : {
                "passed" : 5,
                "failed" : 5,
                "failedMutations" : [ "naziv_dana-1: drag top by 5px", "naziv_dana-1: drag down by 5px", "naziv_dana-1: increase height by 5px", "naziv_dana-1: decrease height by 5px", "naziv_dana-1: move top edge down by 5px" ]
              },
              "screen" : {
                "passed" : 8,
                "failed" : 2,
                "failedMutations" : [ "screen: increase width by 5px", "screen: increase height by 5px" ]
              },
              "stavka_menija-2" : {
                "passed" : 3,
                "failed" : 7,
                "failedMutations" : [ "stavka_menija-2: drag top by 5px", "stavka_menija-2: drag down by 5px", "stavka_menija-2: increase width by 5px", "stavka_menija-2: decrease width by 5px", "stavka_menija-2: increase height by 5px", "stavka_menija-2: decrease height by 5px", "stavka_menija-2: move top edge down by 5px" ]
              },
              "dan_u_kalendaru-1" : {
                "passed" : 10,
                "failed" : 0,
                "failedMutations" : [ ]
              },
              "dugme_sljedeci" : {
                "passed" : 5,
                "failed" : 5,
                "failedMutations" : [ "dugme_sljedeci: drag left by 5px", "dugme_sljedeci: drag right by 5px", "dugme_sljedeci: increase width by 5px", "dugme_sljedeci: decrease width by 5px", "dugme_sljedeci: move left edge right by 5px" ]
              },
              "stavka_menija-1" : {
                "passed" : 3,
                "failed" : 7,
                "failedMutations" : [ "stavka_menija-1: drag top by 5px", "stavka_menija-1: drag down by 5px", "stavka_menija-1: increase width by 5px", "stavka_menija-1: decrease width by 5px", "stavka_menija-1: increase height by 5px", "stavka_menija-1: decrease height by 5px", "stavka_menija-1: move top edge down by 5px" ]
              },
              "stavka_menija-5" : {
                "passed" : 3,
                "failed" : 7,
                "failedMutations" : [ "stavka_menija-5: drag top by 5px", "stavka_menija-5: drag down by 5px", "stavka_menija-5: increase width by 5px", "stavka_menija-5: decrease width by 5px", "stavka_menija-5: increase height by 5px", "stavka_menija-5: decrease height by 5px", "stavka_menija-5: move top edge down by 5px" ]
              },
              "sadrzaj" : {
                "passed" : 5,
                "failed" : 5,
                "failedMutations" : [ "sadrzaj: drag top by 5px", "sadrzaj: decrease width by 5px", "sadrzaj: decrease height by 5px", "sadrzaj: move left edge right by 5px", "sadrzaj: move top edge down by 5px" ]
              },
              "dan_u_kalendaru-2" : {
                "passed" : 10,
                "failed" : 0,
                "failedMutations" : [ ]
              },
              "stavka_menija-4" : {
                "passed" : 3,
                "failed" : 7,
                "failedMutations" : [ "stavka_menija-4: drag top by 5px", "stavka_menija-4: drag down by 5px", "stavka_menija-4: increase width by 5px", "stavka_menija-4: decrease width by 5px", "stavka_menija-4: increase height by 5px", "stavka_menija-4: decrease height by 5px", "stavka_menija-4: move top edge down by 5px" ]
              },
              "dan_u_kalendaru-3" : {
                "passed" : 10,
                "failed" : 0,
                "failedMutations" : [ ]
              },
              "naziv_dana-7" : {
                "passed" : 10,
                "failed" : 0,
                "failedMutations" : [ ]
              },
              "naziv_dana-6" : {
                "passed" : 10,
                "failed" : 0,
                "failedMutations" : [ ]
              },
              "naziv_dana-5" : {
                "passed" : 10,
                "failed" : 0,
                "failedMutations" : [ ]
              },
              "naziv_dana-4" : {
                "passed" : 5,
                "failed" : 5,
                "failedMutations" : [ "naziv_dana-4: drag top by 5px", "naziv_dana-4: drag down by 5px", "naziv_dana-4: increase height by 5px", "naziv_dana-4: decrease height by 5px", "naziv_dana-4: move top edge down by 5px" ]
              },
              "naziv_dana-3" : {
                "passed" : 5,
                "failed" : 5,
                "failedMutations" : [ "naziv_dana-3: drag top by 5px", "naziv_dana-3: drag down by 5px", "naziv_dana-3: increase height by 5px", "naziv_dana-3: decrease height by 5px", "naziv_dana-3: move top edge down by 5px" ]
              },
              "naziv_dana-2" : {
                "passed" : 5,
                "failed" : 5,
                "failedMutations" : [ "naziv_dana-2: drag top by 5px", "naziv_dana-2: drag down by 5px", "naziv_dana-2: increase height by 5px", "naziv_dana-2: decrease height by 5px", "naziv_dana-2: move top edge down by 5px" ]
              },
              "logo" : {
                "passed" : 5,
                "failed" : 5,
                "failedMutations" : [ "logo: drag top by 5px", "logo: drag down by 5px", "logo: increase height by 5px", "logo: decrease height by 5px", "logo: move top edge down by 5px" ]
              }
            },
            "totalPassed" : 131,
            "totalFailed" : 79,
            "failedRatio" : 37.61904761904762,
            "totalMutations" : 210
          },
          "type" : "mutation"
        } ],
        "time" : 1573655439038,
        "type" : "node"
      } ],
      "time" : 1573655428548,
      "type" : "node"
    } ]
  }
}