{
  "testId" : "1-pocetna-992px-2-slike-u-redu.gspec",
  "name" : "pocetna_992px_2_slike_u_redu.gspec",
  "report" : {
    "nodes" : [ {
      "name" : "Mutation test",
      "status" : "info",
      "nodes" : [ {
        "name" : "check  pocetna_992px_2_slike_u_redu.gspec --url http://localhost/pocetna.html --size 992x768 --htmlreport izvjestaji_pokrivenosti",
        "status" : "info",
        "nodes" : [ {
          "name" : "Check layout: pocetna_992px_2_slike_u_redu.gspec included tags: ",
          "status" : "info",
          "time" : 1573655497333,
          "sections" : [ {
            "name" : "Meni section",
            "place" : {
              "filePath" : "pocetna_992px_2_slike_u_redu.gspec",
              "lineNumber" : 12
            },
            "objects" : [ {
              "name" : "meni",
              "specs" : [ {
                "status" : "info",
                "place" : {
                  "filePath" : "pocetna_992px_2_slike_u_redu.gspec",
                  "lineNumber" : 14
                },
                "name" : "inside screen 60px top",
                "meta" : [ {
                  "from" : {
                    "object" : "meni",
                    "edge" : "top"
                  },
                  "to" : {
                    "object" : "screen",
                    "edge" : "top"
                  },
                  "expectedDistance" : "60px",
                  "realDistance" : "60px"
                } ],
                "highlight" : [ "meni", "screen" ]
              } ]
            }, {
              "name" : "stavka_menija-1",
              "specs" : [ {
                "status" : "info",
                "place" : {
                  "filePath" : "pocetna_992px_2_slike_u_redu.gspec",
                  "lineNumber" : 17
                },
                "name" : "text is \"Po�?etna\"",
                "highlight" : [ "stavka_menija-1" ]
              }, {
                "status" : "info",
                "place" : {
                  "filePath" : "pocetna_992px_2_slike_u_redu.gspec",
                  "lineNumber" : 18
                },
                "name" : "inside meni 1% of screen/width bottom",
                "meta" : [ {
                  "from" : {
                    "object" : "stavka_menija-1",
                    "edge" : "bottom"
                  },
                  "to" : {
                    "object" : "meni",
                    "edge" : "bottom"
                  },
                  "expectedDistance" : "1px",
                  "realDistance" : "11px"
                } ],
                "highlight" : [ "stavka_menija-1", "meni" ]
              }, {
                "status" : "info",
                "place" : {
                  "filePath" : "pocetna_992px_2_slike_u_redu.gspec",
                  "lineNumber" : 19
                },
                "name" : "aligned horizontally all stavka_menija-2",
                "highlight" : [ "stavka_menija-1", "stavka_menija-2" ]
              } ]
            }, {
              "name" : "stavka_menija-2",
              "specs" : [ {
                "status" : "info",
                "place" : {
                  "filePath" : "pocetna_992px_2_slike_u_redu.gspec",
                  "lineNumber" : 22
                },
                "name" : "text is \"Sale\"",
                "highlight" : [ "stavka_menija-2" ]
              }, {
                "status" : "info",
                "place" : {
                  "filePath" : "pocetna_992px_2_slike_u_redu.gspec",
                  "lineNumber" : 23
                },
                "name" : "inside meni 1% of screen/width bottom",
                "meta" : [ {
                  "from" : {
                    "object" : "stavka_menija-2",
                    "edge" : "bottom"
                  },
                  "to" : {
                    "object" : "meni",
                    "edge" : "bottom"
                  },
                  "expectedDistance" : "1px",
                  "realDistance" : "11px"
                } ],
                "highlight" : [ "stavka_menija-2", "meni" ]
              }, {
                "status" : "info",
                "place" : {
                  "filePath" : "pocetna_992px_2_slike_u_redu.gspec",
                  "lineNumber" : 24
                },
                "name" : "aligned horizontally all stavka_menija-3",
                "highlight" : [ "stavka_menija-2", "stavka_menija-3" ]
              } ]
            }, {
              "name" : "stavka_menija-3",
              "specs" : [ {
                "status" : "info",
                "place" : {
                  "filePath" : "pocetna_992px_2_slike_u_redu.gspec",
                  "lineNumber" : 27
                },
                "name" : "text is \"Unos\"",
                "highlight" : [ "stavka_menija-3" ]
              }, {
                "status" : "info",
                "place" : {
                  "filePath" : "pocetna_992px_2_slike_u_redu.gspec",
                  "lineNumber" : 28
                },
                "name" : "inside meni 1% of screen/width bottom",
                "meta" : [ {
                  "from" : {
                    "object" : "stavka_menija-3",
                    "edge" : "bottom"
                  },
                  "to" : {
                    "object" : "meni",
                    "edge" : "bottom"
                  },
                  "expectedDistance" : "1px",
                  "realDistance" : "11px"
                } ],
                "highlight" : [ "stavka_menija-3", "meni" ]
              }, {
                "status" : "info",
                "place" : {
                  "filePath" : "pocetna_992px_2_slike_u_redu.gspec",
                  "lineNumber" : 29
                },
                "name" : "aligned horizontally all stavka_menija-4",
                "highlight" : [ "stavka_menija-3", "stavka_menija-4" ]
              } ]
            }, {
              "name" : "stavka_menija-4",
              "specs" : [ {
                "status" : "info",
                "place" : {
                  "filePath" : "pocetna_992px_2_slike_u_redu.gspec",
                  "lineNumber" : 32
                },
                "name" : "text is \"Rezervacije\"",
                "highlight" : [ "stavka_menija-4" ]
              }, {
                "status" : "info",
                "place" : {
                  "filePath" : "pocetna_992px_2_slike_u_redu.gspec",
                  "lineNumber" : 33
                },
                "name" : "inside meni 1% of screen/width bottom",
                "meta" : [ {
                  "from" : {
                    "object" : "stavka_menija-4",
                    "edge" : "bottom"
                  },
                  "to" : {
                    "object" : "meni",
                    "edge" : "bottom"
                  },
                  "expectedDistance" : "1px",
                  "realDistance" : "11px"
                } ],
                "highlight" : [ "stavka_menija-4", "meni" ]
              }, {
                "status" : "info",
                "place" : {
                  "filePath" : "pocetna_992px_2_slike_u_redu.gspec",
                  "lineNumber" : 34
                },
                "name" : "aligned horizontally all stavka_menija-5",
                "highlight" : [ "stavka_menija-4", "stavka_menija-5" ]
              } ]
            }, {
              "name" : "stavka_menija-5",
              "specs" : [ {
                "status" : "info",
                "place" : {
                  "filePath" : "pocetna_992px_2_slike_u_redu.gspec",
                  "lineNumber" : 37
                },
                "name" : "text is \"Osobe\"",
                "highlight" : [ "stavka_menija-5" ]
              }, {
                "status" : "info",
                "place" : {
                  "filePath" : "pocetna_992px_2_slike_u_redu.gspec",
                  "lineNumber" : 38
                },
                "name" : "inside meni 1% of screen/width bottom",
                "meta" : [ {
                  "from" : {
                    "object" : "stavka_menija-5",
                    "edge" : "bottom"
                  },
                  "to" : {
                    "object" : "meni",
                    "edge" : "bottom"
                  },
                  "expectedDistance" : "1px",
                  "realDistance" : "11px"
                } ],
                "highlight" : [ "stavka_menija-5", "meni" ]
              }, {
                "status" : "info",
                "place" : {
                  "filePath" : "pocetna_992px_2_slike_u_redu.gspec",
                  "lineNumber" : 39
                },
                "name" : "aligned horizontally all stavka_menija-1",
                "highlight" : [ "stavka_menija-5", "stavka_menija-1" ]
              } ]
            }, {
              "name" : "logo",
              "specs" : [ {
                "status" : "info",
                "place" : {
                  "filePath" : "pocetna_992px_2_slike_u_redu.gspec",
                  "lineNumber" : 42
                },
                "name" : "inside screen",
                "meta" : [ ],
                "highlight" : [ "logo", "screen" ]
              }, {
                "status" : "info",
                "place" : {
                  "filePath" : "pocetna_992px_2_slike_u_redu.gspec",
                  "lineNumber" : 43
                },
                "name" : "centered horizontally inside meni",
                "highlight" : [ "logo", "meni" ]
              } ]
            } ]
          }, {
            "name" : "Main section",
            "place" : {
              "filePath" : "pocetna_992px_2_slike_u_redu.gspec",
              "lineNumber" : 45
            },
            "objects" : [ {
              "name" : "sadrzaj",
              "specs" : [ {
                "status" : "info",
                "place" : {
                  "filePath" : "pocetna_992px_2_slike_u_redu.gspec",
                  "lineNumber" : 47
                },
                "name" : "inside screen",
                "meta" : [ ],
                "highlight" : [ "sadrzaj", "screen" ]
              }, {
                "status" : "info",
                "place" : {
                  "filePath" : "pocetna_992px_2_slike_u_redu.gspec",
                  "lineNumber" : 48
                },
                "name" : "contains sadrzaj_sa_slikama",
                "highlight" : [ "sadrzaj", "sadrzaj_sa_slikama" ]
              }, {
                "status" : "info",
                "place" : {
                  "filePath" : "pocetna_992px_2_slike_u_redu.gspec",
                  "lineNumber" : 49
                },
                "name" : "contains slika_u_sadrzaju-1",
                "highlight" : [ "sadrzaj", "slika_u_sadrzaju-1" ]
              }, {
                "status" : "info",
                "place" : {
                  "filePath" : "pocetna_992px_2_slike_u_redu.gspec",
                  "lineNumber" : 50
                },
                "name" : "contains slika_u_sadrzaju-2",
                "highlight" : [ "sadrzaj", "slika_u_sadrzaju-2" ]
              }, {
                "status" : "info",
                "place" : {
                  "filePath" : "pocetna_992px_2_slike_u_redu.gspec",
                  "lineNumber" : 51
                },
                "name" : "contains slika_u_sadrzaju-3",
                "highlight" : [ "sadrzaj", "slika_u_sadrzaju-3" ]
              }, {
                "status" : "info",
                "place" : {
                  "filePath" : "pocetna_992px_2_slike_u_redu.gspec",
                  "lineNumber" : 52
                },
                "name" : "contains slika_u_sadrzaju-4",
                "highlight" : [ "sadrzaj", "slika_u_sadrzaju-4" ]
              }, {
                "status" : "info",
                "place" : {
                  "filePath" : "pocetna_992px_2_slike_u_redu.gspec",
                  "lineNumber" : 53
                },
                "name" : "contains slika_u_sadrzaju-5",
                "highlight" : [ "sadrzaj", "slika_u_sadrzaju-5" ]
              }, {
                "status" : "info",
                "place" : {
                  "filePath" : "pocetna_992px_2_slike_u_redu.gspec",
                  "lineNumber" : 54
                },
                "name" : "contains slika_u_sadrzaju-6",
                "highlight" : [ "sadrzaj", "slika_u_sadrzaju-6" ]
              }, {
                "status" : "info",
                "place" : {
                  "filePath" : "pocetna_992px_2_slike_u_redu.gspec",
                  "lineNumber" : 55
                },
                "name" : "contains slika_u_sadrzaju-7",
                "highlight" : [ "sadrzaj", "slika_u_sadrzaju-7" ]
              }, {
                "status" : "info",
                "place" : {
                  "filePath" : "pocetna_992px_2_slike_u_redu.gspec",
                  "lineNumber" : 56
                },
                "name" : "contains slika_u_sadrzaju-8",
                "highlight" : [ "sadrzaj", "slika_u_sadrzaju-8" ]
              }, {
                "status" : "info",
                "place" : {
                  "filePath" : "pocetna_992px_2_slike_u_redu.gspec",
                  "lineNumber" : 57
                },
                "name" : "contains slika_u_sadrzaju-9",
                "highlight" : [ "sadrzaj", "slika_u_sadrzaju-9" ]
              }, {
                "status" : "info",
                "place" : {
                  "filePath" : "pocetna_992px_2_slike_u_redu.gspec",
                  "lineNumber" : 58
                },
                "name" : "contains slika_u_sadrzaju-10",
                "highlight" : [ "sadrzaj", "slika_u_sadrzaju-10" ]
              } ]
            }, {
              "name" : "slika_u_sadrzaju-1",
              "specs" : [ {
                "status" : "info",
                "place" : {
                  "filePath" : "pocetna_992px_2_slike_u_redu.gspec",
                  "lineNumber" : 61
                },
                "name" : "inside screen",
                "meta" : [ ],
                "highlight" : [ "slika_u_sadrzaju-1", "screen" ]
              }, {
                "status" : "info",
                "place" : {
                  "filePath" : "pocetna_992px_2_slike_u_redu.gspec",
                  "lineNumber" : 62
                },
                "name" : "inside sadrzaj_sa_slikama",
                "meta" : [ ],
                "highlight" : [ "slika_u_sadrzaju-1", "sadrzaj_sa_slikama" ]
              }, {
                "status" : "info",
                "place" : {
                  "filePath" : "pocetna_992px_2_slike_u_redu.gspec",
                  "lineNumber" : 63
                },
                "name" : "height 300px",
                "meta" : [ {
                  "from" : {
                    "object" : "slika_u_sadrzaju-1",
                    "edge" : "top"
                  },
                  "to" : {
                    "object" : "slika_u_sadrzaju-1",
                    "edge" : "bottom"
                  },
                  "expectedDistance" : "300px",
                  "realDistance" : "300px"
                } ],
                "highlight" : [ "slika_u_sadrzaju-1" ]
              }, {
                "status" : "info",
                "place" : {
                  "filePath" : "pocetna_992px_2_slike_u_redu.gspec",
                  "lineNumber" : 64
                },
                "name" : "width ~45% of sadrzaj_sa_slikama/width",
                "meta" : [ {
                  "from" : {
                    "object" : "slika_u_sadrzaju-1",
                    "edge" : "left"
                  },
                  "to" : {
                    "object" : "slika_u_sadrzaju-1",
                    "edge" : "right"
                  },
                  "expectedDistance" : "43 to 47% [405 to 443px]",
                  "realDistance" : "44% [424px]"
                } ],
                "highlight" : [ "slika_u_sadrzaju-1" ]
              }, {
                "status" : "info",
                "place" : {
                  "filePath" : "pocetna_992px_2_slike_u_redu.gspec",
                  "lineNumber" : 65
                },
                "name" : "aligned horizontally all slika_u_sadrzaju-2",
                "highlight" : [ "slika_u_sadrzaju-1", "slika_u_sadrzaju-2" ]
              }, {
                "status" : "info",
                "place" : {
                  "filePath" : "pocetna_992px_2_slike_u_redu.gspec",
                  "lineNumber" : 66
                },
                "name" : "aligned vertically all slika_u_sadrzaju-3",
                "highlight" : [ "slika_u_sadrzaju-1", "slika_u_sadrzaju-3" ]
              }, {
                "status" : "info",
                "place" : {
                  "filePath" : "pocetna_992px_2_slike_u_redu.gspec",
                  "lineNumber" : 67
                },
                "name" : "aligned vertically all slika_u_sadrzaju-5",
                "highlight" : [ "slika_u_sadrzaju-1", "slika_u_sadrzaju-5" ]
              }, {
                "status" : "info",
                "place" : {
                  "filePath" : "pocetna_992px_2_slike_u_redu.gspec",
                  "lineNumber" : 68
                },
                "name" : "aligned vertically all slika_u_sadrzaju-7",
                "highlight" : [ "slika_u_sadrzaju-1", "slika_u_sadrzaju-7" ]
              }, {
                "status" : "info",
                "place" : {
                  "filePath" : "pocetna_992px_2_slike_u_redu.gspec",
                  "lineNumber" : 69
                },
                "name" : "aligned vertically all slika_u_sadrzaju-9",
                "highlight" : [ "slika_u_sadrzaju-1", "slika_u_sadrzaju-9" ]
              } ]
            }, {
              "name" : "slika_u_sadrzaju-2",
              "specs" : [ {
                "status" : "info",
                "place" : {
                  "filePath" : "pocetna_992px_2_slike_u_redu.gspec",
                  "lineNumber" : 72
                },
                "name" : "inside screen",
                "meta" : [ ],
                "highlight" : [ "slika_u_sadrzaju-2", "screen" ]
              }, {
                "status" : "info",
                "place" : {
                  "filePath" : "pocetna_992px_2_slike_u_redu.gspec",
                  "lineNumber" : 73
                },
                "name" : "inside sadrzaj_sa_slikama",
                "meta" : [ ],
                "highlight" : [ "slika_u_sadrzaju-2", "sadrzaj_sa_slikama" ]
              }, {
                "status" : "info",
                "place" : {
                  "filePath" : "pocetna_992px_2_slike_u_redu.gspec",
                  "lineNumber" : 74
                },
                "name" : "height 300px",
                "meta" : [ {
                  "from" : {
                    "object" : "slika_u_sadrzaju-2",
                    "edge" : "top"
                  },
                  "to" : {
                    "object" : "slika_u_sadrzaju-2",
                    "edge" : "bottom"
                  },
                  "expectedDistance" : "300px",
                  "realDistance" : "300px"
                } ],
                "highlight" : [ "slika_u_sadrzaju-2" ]
              }, {
                "status" : "info",
                "place" : {
                  "filePath" : "pocetna_992px_2_slike_u_redu.gspec",
                  "lineNumber" : 75
                },
                "name" : "width ~45% of sadrzaj_sa_slikama/width",
                "meta" : [ {
                  "from" : {
                    "object" : "slika_u_sadrzaju-2",
                    "edge" : "left"
                  },
                  "to" : {
                    "object" : "slika_u_sadrzaju-2",
                    "edge" : "right"
                  },
                  "expectedDistance" : "43 to 47% [405 to 443px]",
                  "realDistance" : "44% [424px]"
                } ],
                "highlight" : [ "slika_u_sadrzaju-2" ]
              }, {
                "status" : "info",
                "place" : {
                  "filePath" : "pocetna_992px_2_slike_u_redu.gspec",
                  "lineNumber" : 76
                },
                "name" : "aligned vertically all slika_u_sadrzaju-4",
                "highlight" : [ "slika_u_sadrzaju-2", "slika_u_sadrzaju-4" ]
              }, {
                "status" : "info",
                "place" : {
                  "filePath" : "pocetna_992px_2_slike_u_redu.gspec",
                  "lineNumber" : 77
                },
                "name" : "aligned vertically all slika_u_sadrzaju-6",
                "highlight" : [ "slika_u_sadrzaju-2", "slika_u_sadrzaju-6" ]
              }, {
                "status" : "info",
                "place" : {
                  "filePath" : "pocetna_992px_2_slike_u_redu.gspec",
                  "lineNumber" : 78
                },
                "name" : "aligned vertically all slika_u_sadrzaju-8",
                "highlight" : [ "slika_u_sadrzaju-2", "slika_u_sadrzaju-8" ]
              }, {
                "status" : "info",
                "place" : {
                  "filePath" : "pocetna_992px_2_slike_u_redu.gspec",
                  "lineNumber" : 79
                },
                "name" : "aligned vertically all slika_u_sadrzaju-10",
                "highlight" : [ "slika_u_sadrzaju-2", "slika_u_sadrzaju-10" ]
              } ]
            }, {
              "name" : "slika_u_sadrzaju-3",
              "specs" : [ {
                "status" : "info",
                "place" : {
                  "filePath" : "pocetna_992px_2_slike_u_redu.gspec",
                  "lineNumber" : 82
                },
                "name" : "inside screen",
                "meta" : [ ],
                "highlight" : [ "slika_u_sadrzaju-3", "screen" ]
              }, {
                "status" : "info",
                "place" : {
                  "filePath" : "pocetna_992px_2_slike_u_redu.gspec",
                  "lineNumber" : 83
                },
                "name" : "inside sadrzaj_sa_slikama",
                "meta" : [ ],
                "highlight" : [ "slika_u_sadrzaju-3", "sadrzaj_sa_slikama" ]
              }, {
                "status" : "info",
                "place" : {
                  "filePath" : "pocetna_992px_2_slike_u_redu.gspec",
                  "lineNumber" : 84
                },
                "name" : "height 300px",
                "meta" : [ {
                  "from" : {
                    "object" : "slika_u_sadrzaju-3",
                    "edge" : "top"
                  },
                  "to" : {
                    "object" : "slika_u_sadrzaju-3",
                    "edge" : "bottom"
                  },
                  "expectedDistance" : "300px",
                  "realDistance" : "300px"
                } ],
                "highlight" : [ "slika_u_sadrzaju-3" ]
              }, {
                "status" : "info",
                "place" : {
                  "filePath" : "pocetna_992px_2_slike_u_redu.gspec",
                  "lineNumber" : 85
                },
                "name" : "width ~45% of sadrzaj_sa_slikama/width",
                "meta" : [ {
                  "from" : {
                    "object" : "slika_u_sadrzaju-3",
                    "edge" : "left"
                  },
                  "to" : {
                    "object" : "slika_u_sadrzaju-3",
                    "edge" : "right"
                  },
                  "expectedDistance" : "43 to 47% [405 to 443px]",
                  "realDistance" : "44% [424px]"
                } ],
                "highlight" : [ "slika_u_sadrzaju-3" ]
              }, {
                "status" : "info",
                "place" : {
                  "filePath" : "pocetna_992px_2_slike_u_redu.gspec",
                  "lineNumber" : 86
                },
                "name" : "aligned horizontally all slika_u_sadrzaju-4",
                "highlight" : [ "slika_u_sadrzaju-3", "slika_u_sadrzaju-4" ]
              } ]
            }, {
              "name" : "slika_u_sadrzaju-4",
              "specs" : [ {
                "status" : "info",
                "place" : {
                  "filePath" : "pocetna_992px_2_slike_u_redu.gspec",
                  "lineNumber" : 89
                },
                "name" : "inside screen",
                "meta" : [ ],
                "highlight" : [ "slika_u_sadrzaju-4", "screen" ]
              }, {
                "status" : "info",
                "place" : {
                  "filePath" : "pocetna_992px_2_slike_u_redu.gspec",
                  "lineNumber" : 90
                },
                "name" : "inside sadrzaj_sa_slikama",
                "meta" : [ ],
                "highlight" : [ "slika_u_sadrzaju-4", "sadrzaj_sa_slikama" ]
              }, {
                "status" : "info",
                "place" : {
                  "filePath" : "pocetna_992px_2_slike_u_redu.gspec",
                  "lineNumber" : 91
                },
                "name" : "height 300px",
                "meta" : [ {
                  "from" : {
                    "object" : "slika_u_sadrzaju-4",
                    "edge" : "top"
                  },
                  "to" : {
                    "object" : "slika_u_sadrzaju-4",
                    "edge" : "bottom"
                  },
                  "expectedDistance" : "300px",
                  "realDistance" : "300px"
                } ],
                "highlight" : [ "slika_u_sadrzaju-4" ]
              }, {
                "status" : "info",
                "place" : {
                  "filePath" : "pocetna_992px_2_slike_u_redu.gspec",
                  "lineNumber" : 92
                },
                "name" : "width ~45% of sadrzaj_sa_slikama/width",
                "meta" : [ {
                  "from" : {
                    "object" : "slika_u_sadrzaju-4",
                    "edge" : "left"
                  },
                  "to" : {
                    "object" : "slika_u_sadrzaju-4",
                    "edge" : "right"
                  },
                  "expectedDistance" : "43 to 47% [405 to 443px]",
                  "realDistance" : "44% [424px]"
                } ],
                "highlight" : [ "slika_u_sadrzaju-4" ]
              } ]
            }, {
              "name" : "slika_u_sadrzaju-5",
              "specs" : [ {
                "status" : "info",
                "place" : {
                  "filePath" : "pocetna_992px_2_slike_u_redu.gspec",
                  "lineNumber" : 95
                },
                "name" : "inside screen",
                "meta" : [ ],
                "highlight" : [ "slika_u_sadrzaju-5", "screen" ]
              }, {
                "status" : "info",
                "place" : {
                  "filePath" : "pocetna_992px_2_slike_u_redu.gspec",
                  "lineNumber" : 96
                },
                "name" : "inside sadrzaj_sa_slikama",
                "meta" : [ ],
                "highlight" : [ "slika_u_sadrzaju-5", "sadrzaj_sa_slikama" ]
              }, {
                "status" : "info",
                "place" : {
                  "filePath" : "pocetna_992px_2_slike_u_redu.gspec",
                  "lineNumber" : 97
                },
                "name" : "height 300px",
                "meta" : [ {
                  "from" : {
                    "object" : "slika_u_sadrzaju-5",
                    "edge" : "top"
                  },
                  "to" : {
                    "object" : "slika_u_sadrzaju-5",
                    "edge" : "bottom"
                  },
                  "expectedDistance" : "300px",
                  "realDistance" : "300px"
                } ],
                "highlight" : [ "slika_u_sadrzaju-5" ]
              }, {
                "status" : "info",
                "place" : {
                  "filePath" : "pocetna_992px_2_slike_u_redu.gspec",
                  "lineNumber" : 98
                },
                "name" : "width ~45% of sadrzaj_sa_slikama/width",
                "meta" : [ {
                  "from" : {
                    "object" : "slika_u_sadrzaju-5",
                    "edge" : "left"
                  },
                  "to" : {
                    "object" : "slika_u_sadrzaju-5",
                    "edge" : "right"
                  },
                  "expectedDistance" : "43 to 47% [405 to 443px]",
                  "realDistance" : "44% [424px]"
                } ],
                "highlight" : [ "slika_u_sadrzaju-5" ]
              }, {
                "status" : "info",
                "place" : {
                  "filePath" : "pocetna_992px_2_slike_u_redu.gspec",
                  "lineNumber" : 99
                },
                "name" : "aligned horizontally all slika_u_sadrzaju-6",
                "highlight" : [ "slika_u_sadrzaju-5", "slika_u_sadrzaju-6" ]
              } ]
            }, {
              "name" : "slika_u_sadrzaju-6",
              "specs" : [ {
                "status" : "info",
                "place" : {
                  "filePath" : "pocetna_992px_2_slike_u_redu.gspec",
                  "lineNumber" : 102
                },
                "name" : "inside screen",
                "meta" : [ ],
                "highlight" : [ "slika_u_sadrzaju-6", "screen" ]
              }, {
                "status" : "info",
                "place" : {
                  "filePath" : "pocetna_992px_2_slike_u_redu.gspec",
                  "lineNumber" : 103
                },
                "name" : "inside sadrzaj_sa_slikama",
                "meta" : [ ],
                "highlight" : [ "slika_u_sadrzaju-6", "sadrzaj_sa_slikama" ]
              }, {
                "status" : "info",
                "place" : {
                  "filePath" : "pocetna_992px_2_slike_u_redu.gspec",
                  "lineNumber" : 104
                },
                "name" : "height 300px",
                "meta" : [ {
                  "from" : {
                    "object" : "slika_u_sadrzaju-6",
                    "edge" : "top"
                  },
                  "to" : {
                    "object" : "slika_u_sadrzaju-6",
                    "edge" : "bottom"
                  },
                  "expectedDistance" : "300px",
                  "realDistance" : "300px"
                } ],
                "highlight" : [ "slika_u_sadrzaju-6" ]
              }, {
                "status" : "info",
                "place" : {
                  "filePath" : "pocetna_992px_2_slike_u_redu.gspec",
                  "lineNumber" : 105
                },
                "name" : "width ~45% of sadrzaj_sa_slikama/width",
                "meta" : [ {
                  "from" : {
                    "object" : "slika_u_sadrzaju-6",
                    "edge" : "left"
                  },
                  "to" : {
                    "object" : "slika_u_sadrzaju-6",
                    "edge" : "right"
                  },
                  "expectedDistance" : "43 to 47% [405 to 443px]",
                  "realDistance" : "44% [424px]"
                } ],
                "highlight" : [ "slika_u_sadrzaju-6" ]
              } ]
            }, {
              "name" : "slika_u_sadrzaju-7",
              "specs" : [ {
                "status" : "info",
                "place" : {
                  "filePath" : "pocetna_992px_2_slike_u_redu.gspec",
                  "lineNumber" : 108
                },
                "name" : "inside screen",
                "meta" : [ ],
                "highlight" : [ "slika_u_sadrzaju-7", "screen" ]
              }, {
                "status" : "info",
                "place" : {
                  "filePath" : "pocetna_992px_2_slike_u_redu.gspec",
                  "lineNumber" : 109
                },
                "name" : "inside sadrzaj_sa_slikama",
                "meta" : [ ],
                "highlight" : [ "slika_u_sadrzaju-7", "sadrzaj_sa_slikama" ]
              }, {
                "status" : "info",
                "place" : {
                  "filePath" : "pocetna_992px_2_slike_u_redu.gspec",
                  "lineNumber" : 110
                },
                "name" : "height 300px",
                "meta" : [ {
                  "from" : {
                    "object" : "slika_u_sadrzaju-7",
                    "edge" : "top"
                  },
                  "to" : {
                    "object" : "slika_u_sadrzaju-7",
                    "edge" : "bottom"
                  },
                  "expectedDistance" : "300px",
                  "realDistance" : "300px"
                } ],
                "highlight" : [ "slika_u_sadrzaju-7" ]
              }, {
                "status" : "info",
                "place" : {
                  "filePath" : "pocetna_992px_2_slike_u_redu.gspec",
                  "lineNumber" : 111
                },
                "name" : "width ~45% of sadrzaj_sa_slikama/width",
                "meta" : [ {
                  "from" : {
                    "object" : "slika_u_sadrzaju-7",
                    "edge" : "left"
                  },
                  "to" : {
                    "object" : "slika_u_sadrzaju-7",
                    "edge" : "right"
                  },
                  "expectedDistance" : "43 to 47% [405 to 443px]",
                  "realDistance" : "44% [424px]"
                } ],
                "highlight" : [ "slika_u_sadrzaju-7" ]
              }, {
                "status" : "info",
                "place" : {
                  "filePath" : "pocetna_992px_2_slike_u_redu.gspec",
                  "lineNumber" : 112
                },
                "name" : "aligned horizontally all slika_u_sadrzaju-8",
                "highlight" : [ "slika_u_sadrzaju-7", "slika_u_sadrzaju-8" ]
              } ]
            }, {
              "name" : "slika_u_sadrzaju-8",
              "specs" : [ {
                "status" : "info",
                "place" : {
                  "filePath" : "pocetna_992px_2_slike_u_redu.gspec",
                  "lineNumber" : 115
                },
                "name" : "inside screen",
                "meta" : [ ],
                "highlight" : [ "slika_u_sadrzaju-8", "screen" ]
              }, {
                "status" : "info",
                "place" : {
                  "filePath" : "pocetna_992px_2_slike_u_redu.gspec",
                  "lineNumber" : 116
                },
                "name" : "inside sadrzaj_sa_slikama",
                "meta" : [ ],
                "highlight" : [ "slika_u_sadrzaju-8", "sadrzaj_sa_slikama" ]
              }, {
                "status" : "info",
                "place" : {
                  "filePath" : "pocetna_992px_2_slike_u_redu.gspec",
                  "lineNumber" : 117
                },
                "name" : "height 300px",
                "meta" : [ {
                  "from" : {
                    "object" : "slika_u_sadrzaju-8",
                    "edge" : "top"
                  },
                  "to" : {
                    "object" : "slika_u_sadrzaju-8",
                    "edge" : "bottom"
                  },
                  "expectedDistance" : "300px",
                  "realDistance" : "300px"
                } ],
                "highlight" : [ "slika_u_sadrzaju-8" ]
              }, {
                "status" : "info",
                "place" : {
                  "filePath" : "pocetna_992px_2_slike_u_redu.gspec",
                  "lineNumber" : 118
                },
                "name" : "width ~45% of sadrzaj_sa_slikama/width",
                "meta" : [ {
                  "from" : {
                    "object" : "slika_u_sadrzaju-8",
                    "edge" : "left"
                  },
                  "to" : {
                    "object" : "slika_u_sadrzaju-8",
                    "edge" : "right"
                  },
                  "expectedDistance" : "43 to 47% [405 to 443px]",
                  "realDistance" : "44% [424px]"
                } ],
                "highlight" : [ "slika_u_sadrzaju-8" ]
              } ]
            }, {
              "name" : "slika_u_sadrzaju-9",
              "specs" : [ {
                "status" : "info",
                "place" : {
                  "filePath" : "pocetna_992px_2_slike_u_redu.gspec",
                  "lineNumber" : 121
                },
                "name" : "inside screen",
                "meta" : [ ],
                "highlight" : [ "slika_u_sadrzaju-9", "screen" ]
              }, {
                "status" : "info",
                "place" : {
                  "filePath" : "pocetna_992px_2_slike_u_redu.gspec",
                  "lineNumber" : 122
                },
                "name" : "inside sadrzaj_sa_slikama",
                "meta" : [ ],
                "highlight" : [ "slika_u_sadrzaju-9", "sadrzaj_sa_slikama" ]
              }, {
                "status" : "info",
                "place" : {
                  "filePath" : "pocetna_992px_2_slike_u_redu.gspec",
                  "lineNumber" : 123
                },
                "name" : "height 300px",
                "meta" : [ {
                  "from" : {
                    "object" : "slika_u_sadrzaju-9",
                    "edge" : "top"
                  },
                  "to" : {
                    "object" : "slika_u_sadrzaju-9",
                    "edge" : "bottom"
                  },
                  "expectedDistance" : "300px",
                  "realDistance" : "300px"
                } ],
                "highlight" : [ "slika_u_sadrzaju-9" ]
              }, {
                "status" : "info",
                "place" : {
                  "filePath" : "pocetna_992px_2_slike_u_redu.gspec",
                  "lineNumber" : 124
                },
                "name" : "width ~45% of sadrzaj_sa_slikama/width",
                "meta" : [ {
                  "from" : {
                    "object" : "slika_u_sadrzaju-9",
                    "edge" : "left"
                  },
                  "to" : {
                    "object" : "slika_u_sadrzaju-9",
                    "edge" : "right"
                  },
                  "expectedDistance" : "43 to 47% [405 to 443px]",
                  "realDistance" : "44% [424px]"
                } ],
                "highlight" : [ "slika_u_sadrzaju-9" ]
              }, {
                "status" : "info",
                "place" : {
                  "filePath" : "pocetna_992px_2_slike_u_redu.gspec",
                  "lineNumber" : 125
                },
                "name" : "aligned horizontally all slika_u_sadrzaju-10",
                "highlight" : [ "slika_u_sadrzaju-9", "slika_u_sadrzaju-10" ]
              } ]
            }, {
              "name" : "slika_u_sadrzaju-10",
              "specs" : [ {
                "status" : "info",
                "place" : {
                  "filePath" : "pocetna_992px_2_slike_u_redu.gspec",
                  "lineNumber" : 128
                },
                "name" : "inside screen",
                "meta" : [ ],
                "highlight" : [ "slika_u_sadrzaju-10", "screen" ]
              }, {
                "status" : "info",
                "place" : {
                  "filePath" : "pocetna_992px_2_slike_u_redu.gspec",
                  "lineNumber" : 129
                },
                "name" : "inside sadrzaj_sa_slikama",
                "meta" : [ ],
                "highlight" : [ "slika_u_sadrzaju-10", "sadrzaj_sa_slikama" ]
              }, {
                "status" : "info",
                "place" : {
                  "filePath" : "pocetna_992px_2_slike_u_redu.gspec",
                  "lineNumber" : 130
                },
                "name" : "height 300px",
                "meta" : [ {
                  "from" : {
                    "object" : "slika_u_sadrzaju-10",
                    "edge" : "top"
                  },
                  "to" : {
                    "object" : "slika_u_sadrzaju-10",
                    "edge" : "bottom"
                  },
                  "expectedDistance" : "300px",
                  "realDistance" : "300px"
                } ],
                "highlight" : [ "slika_u_sadrzaju-10" ]
              }, {
                "status" : "info",
                "place" : {
                  "filePath" : "pocetna_992px_2_slike_u_redu.gspec",
                  "lineNumber" : 131
                },
                "name" : "width ~45% of sadrzaj_sa_slikama/width",
                "meta" : [ {
                  "from" : {
                    "object" : "slika_u_sadrzaju-10",
                    "edge" : "left"
                  },
                  "to" : {
                    "object" : "slika_u_sadrzaju-10",
                    "edge" : "right"
                  },
                  "expectedDistance" : "43 to 47% [405 to 443px]",
                  "realDistance" : "44% [424px]"
                } ],
                "highlight" : [ "slika_u_sadrzaju-10" ]
              } ]
            } ]
          } ],
          "objects" : {
            "meni" : {
              "area" : [ 0, 60, 962, 117 ]
            },
            "slika_u_sadrzaju-3" : {
              "area" : [ 49, 521, 424, 300 ]
            },
            "slika_u_sadrzaju-2" : {
              "area" : [ 505, 204, 424, 300 ]
            },
            "sadrzaj_sa_slikama" : {
              "area" : [ 9, 196, 943, 1585 ]
            },
            "slika_u_sadrzaju-1" : {
              "area" : [ 49, 204, 424, 300 ]
            },
            "stavka_menija-3" : {
              "area" : [ 445, 148, 34, 18 ]
            },
            "slika_u_sadrzaju-7" : {
              "area" : [ 49, 1155, 424, 300 ]
            },
            "slika_u_sadrzaju-10" : {
              "area" : [ 505, 1472, 424, 300 ]
            },
            "screen" : {
              "area" : [ 0, 0, 962, 1790 ]
            },
            "stavka_menija-2" : {
              "area" : [ 407, 148, 27, 18 ]
            },
            "slika_u_sadrzaju-6" : {
              "area" : [ 505, 838, 424, 300 ]
            },
            "stavka_menija-1" : {
              "area" : [ 347, 148, 50, 18 ]
            },
            "slika_u_sadrzaju-5" : {
              "area" : [ 49, 838, 424, 300 ]
            },
            "slika_u_sadrzaju-4" : {
              "area" : [ 505, 521, 424, 300 ]
            },
            "stavka_menija-5" : {
              "area" : [ 574, 148, 41, 18 ]
            },
            "sadrzaj" : {
              "area" : [ 0, 186, 962, 1604 ]
            },
            "slika_u_sadrzaju-9" : {
              "area" : [ 49, 1472, 424, 300 ]
            },
            "stavka_menija-4" : {
              "area" : [ 488, 148, 76, 18 ]
            },
            "slika_u_sadrzaju-8" : {
              "area" : [ 505, 1155, 424, 300 ]
            },
            "logo" : {
              "area" : [ 446, 25, 70, 70 ]
            }
          },
          "screenshot" : "layout-1-screenshot.png",
          "type" : "layout"
        }, {
          "name" : "Mutation testing: pocetna_992px_2_slike_u_redu.gspec included tags: ",
          "status" : "error",
          "time" : 1573655497333,
          "mutationReport" : {
            "objectMutationStatistics" : {
              "meni" : {
                "passed" : 9,
                "failed" : 1,
                "failedMutations" : [ "meni: increase height by 5px" ]
              },
              "slika_u_sadrzaju-3" : {
                "passed" : 10,
                "failed" : 0,
                "failedMutations" : [ ]
              },
              "slika_u_sadrzaju-2" : {
                "passed" : 10,
                "failed" : 0,
                "failedMutations" : [ ]
              },
              "sadrzaj_sa_slikama" : {
                "passed" : 10,
                "failed" : 0,
                "failedMutations" : [ ]
              },
              "slika_u_sadrzaju-1" : {
                "passed" : 10,
                "failed" : 0,
                "failedMutations" : [ ]
              },
              "stavka_menija-3" : {
                "passed" : 5,
                "failed" : 5,
                "failedMutations" : [ "stavka_menija-3: drag left by 5px", "stavka_menija-3: drag right by 5px", "stavka_menija-3: increase width by 5px", "stavka_menija-3: decrease width by 5px", "stavka_menija-3: move left edge right by 5px" ]
              },
              "slika_u_sadrzaju-7" : {
                "passed" : 10,
                "failed" : 0,
                "failedMutations" : [ ]
              },
              "slika_u_sadrzaju-10" : {
                "passed" : 10,
                "failed" : 0,
                "failedMutations" : [ ]
              },
              "screen" : {
                "passed" : 10,
                "failed" : 0,
                "failedMutations" : [ ]
              },
              "stavka_menija-2" : {
                "passed" : 5,
                "failed" : 5,
                "failedMutations" : [ "stavka_menija-2: drag left by 5px", "stavka_menija-2: drag right by 5px", "stavka_menija-2: increase width by 5px", "stavka_menija-2: decrease width by 5px", "stavka_menija-2: move left edge right by 5px" ]
              },
              "slika_u_sadrzaju-6" : {
                "passed" : 10,
                "failed" : 0,
                "failedMutations" : [ ]
              },
              "stavka_menija-1" : {
                "passed" : 5,
                "failed" : 5,
                "failedMutations" : [ "stavka_menija-1: drag left by 5px", "stavka_menija-1: drag right by 5px", "stavka_menija-1: increase width by 5px", "stavka_menija-1: decrease width by 5px", "stavka_menija-1: move left edge right by 5px" ]
              },
              "slika_u_sadrzaju-5" : {
                "passed" : 10,
                "failed" : 0,
                "failedMutations" : [ ]
              },
              "slika_u_sadrzaju-4" : {
                "passed" : 10,
                "failed" : 0,
                "failedMutations" : [ ]
              },
              "stavka_menija-5" : {
                "passed" : 5,
                "failed" : 5,
                "failedMutations" : [ "stavka_menija-5: drag left by 5px", "stavka_menija-5: drag right by 5px", "stavka_menija-5: increase width by 5px", "stavka_menija-5: decrease width by 5px", "stavka_menija-5: move left edge right by 5px" ]
              },
              "sadrzaj" : {
                "passed" : 5,
                "failed" : 5,
                "failedMutations" : [ "sadrzaj: drag top by 5px", "sadrzaj: decrease width by 5px", "sadrzaj: decrease height by 5px", "sadrzaj: move left edge right by 5px", "sadrzaj: move top edge down by 5px" ]
              },
              "slika_u_sadrzaju-9" : {
                "passed" : 10,
                "failed" : 0,
                "failedMutations" : [ ]
              },
              "stavka_menija-4" : {
                "passed" : 5,
                "failed" : 5,
                "failedMutations" : [ "stavka_menija-4: drag left by 5px", "stavka_menija-4: drag right by 5px", "stavka_menija-4: increase width by 5px", "stavka_menija-4: decrease width by 5px", "stavka_menija-4: move left edge right by 5px" ]
              },
              "slika_u_sadrzaju-8" : {
                "passed" : 10,
                "failed" : 0,
                "failedMutations" : [ ]
              },
              "logo" : {
                "passed" : 5,
                "failed" : 5,
                "failedMutations" : [ "logo: drag top by 5px", "logo: drag down by 5px", "logo: increase height by 5px", "logo: decrease height by 5px", "logo: move top edge down by 5px" ]
              }
            },
            "totalPassed" : 164,
            "totalFailed" : 36,
            "totalMutations" : 200,
            "failedRatio" : 18.0
          },
          "type" : "mutation"
        } ],
        "time" : 1573655489678,
        "type" : "node"
      } ],
      "time" : 1573655479232,
      "type" : "node"
    } ]
  }
}