{
  "testId" : "1-unos.gspec",
  "name" : "unos.gspec",
  "report" : {
    "nodes" : [ {
      "name" : "Mutation test",
      "status" : "info",
      "nodes" : [ {
        "name" : "check  unos.gspec --url http://localhost/unos.html --size 1024x768 --htmlreport izvjestaji_pokrivenosti",
        "status" : "info",
        "nodes" : [ {
          "name" : "Check layout: unos.gspec included tags: ",
          "status" : "info",
          "time" : 1573655117246,
          "sections" : [ {
            "name" : "Meni section",
            "place" : {
              "filePath" : "unos.gspec",
              "lineNumber" : 11
            },
            "objects" : [ {
              "name" : "meni",
              "specs" : [ {
                "status" : "info",
                "place" : {
                  "filePath" : "unos.gspec",
                  "lineNumber" : 13
                },
                "name" : "inside screen 60px top",
                "meta" : [ {
                  "from" : {
                    "object" : "meni",
                    "edge" : "top"
                  },
                  "to" : {
                    "object" : "screen",
                    "edge" : "top"
                  },
                  "expectedDistance" : "60px",
                  "realDistance" : "60px"
                } ],
                "highlight" : [ "meni", "screen" ]
              } ]
            }, {
              "name" : "stavka_menija-1",
              "specs" : [ {
                "status" : "info",
                "place" : {
                  "filePath" : "unos.gspec",
                  "lineNumber" : 16
                },
                "name" : "text is \"Po�?etna\"",
                "highlight" : [ "stavka_menija-1" ]
              }, {
                "status" : "info",
                "place" : {
                  "filePath" : "unos.gspec",
                  "lineNumber" : 17
                },
                "name" : "inside meni 1% of screen/width bottom",
                "meta" : [ {
                  "from" : {
                    "object" : "stavka_menija-1",
                    "edge" : "bottom"
                  },
                  "to" : {
                    "object" : "meni",
                    "edge" : "bottom"
                  },
                  "expectedDistance" : "1px",
                  "realDistance" : "11px"
                } ],
                "highlight" : [ "stavka_menija-1", "meni" ]
              }, {
                "status" : "info",
                "place" : {
                  "filePath" : "unos.gspec",
                  "lineNumber" : 18
                },
                "name" : "aligned horizontally all stavka_menija-2",
                "highlight" : [ "stavka_menija-1", "stavka_menija-2" ]
              } ]
            }, {
              "name" : "stavka_menija-2",
              "specs" : [ {
                "status" : "info",
                "place" : {
                  "filePath" : "unos.gspec",
                  "lineNumber" : 21
                },
                "name" : "text is \"Sale\"",
                "highlight" : [ "stavka_menija-2" ]
              }, {
                "status" : "info",
                "place" : {
                  "filePath" : "unos.gspec",
                  "lineNumber" : 22
                },
                "name" : "inside meni 1% of screen/width bottom",
                "meta" : [ {
                  "from" : {
                    "object" : "stavka_menija-2",
                    "edge" : "bottom"
                  },
                  "to" : {
                    "object" : "meni",
                    "edge" : "bottom"
                  },
                  "expectedDistance" : "1px",
                  "realDistance" : "11px"
                } ],
                "highlight" : [ "stavka_menija-2", "meni" ]
              }, {
                "status" : "info",
                "place" : {
                  "filePath" : "unos.gspec",
                  "lineNumber" : 23
                },
                "name" : "aligned horizontally all stavka_menija-3",
                "highlight" : [ "stavka_menija-2", "stavka_menija-3" ]
              } ]
            }, {
              "name" : "stavka_menija-3",
              "specs" : [ {
                "status" : "info",
                "place" : {
                  "filePath" : "unos.gspec",
                  "lineNumber" : 26
                },
                "name" : "text is \"Unos\"",
                "highlight" : [ "stavka_menija-3" ]
              }, {
                "status" : "info",
                "place" : {
                  "filePath" : "unos.gspec",
                  "lineNumber" : 27
                },
                "name" : "inside meni 1% of screen/width bottom",
                "meta" : [ {
                  "from" : {
                    "object" : "stavka_menija-3",
                    "edge" : "bottom"
                  },
                  "to" : {
                    "object" : "meni",
                    "edge" : "bottom"
                  },
                  "expectedDistance" : "1px",
                  "realDistance" : "11px"
                } ],
                "highlight" : [ "stavka_menija-3", "meni" ]
              }, {
                "status" : "info",
                "place" : {
                  "filePath" : "unos.gspec",
                  "lineNumber" : 28
                },
                "name" : "aligned horizontally all stavka_menija-4",
                "highlight" : [ "stavka_menija-3", "stavka_menija-4" ]
              } ]
            }, {
              "name" : "stavka_menija-4",
              "specs" : [ {
                "status" : "info",
                "place" : {
                  "filePath" : "unos.gspec",
                  "lineNumber" : 31
                },
                "name" : "text is \"Rezervacije\"",
                "highlight" : [ "stavka_menija-4" ]
              }, {
                "status" : "info",
                "place" : {
                  "filePath" : "unos.gspec",
                  "lineNumber" : 32
                },
                "name" : "inside meni 1% of screen/width bottom",
                "meta" : [ {
                  "from" : {
                    "object" : "stavka_menija-4",
                    "edge" : "bottom"
                  },
                  "to" : {
                    "object" : "meni",
                    "edge" : "bottom"
                  },
                  "expectedDistance" : "1px",
                  "realDistance" : "11px"
                } ],
                "highlight" : [ "stavka_menija-4", "meni" ]
              }, {
                "status" : "info",
                "place" : {
                  "filePath" : "unos.gspec",
                  "lineNumber" : 33
                },
                "name" : "aligned horizontally all stavka_menija-5",
                "highlight" : [ "stavka_menija-4", "stavka_menija-5" ]
              } ]
            }, {
              "name" : "stavka_menija-5",
              "specs" : [ {
                "status" : "info",
                "place" : {
                  "filePath" : "unos.gspec",
                  "lineNumber" : 36
                },
                "name" : "text is \"Osobe\"",
                "highlight" : [ "stavka_menija-5" ]
              }, {
                "status" : "info",
                "place" : {
                  "filePath" : "unos.gspec",
                  "lineNumber" : 37
                },
                "name" : "inside meni 1% of screen/width bottom",
                "meta" : [ {
                  "from" : {
                    "object" : "stavka_menija-5",
                    "edge" : "bottom"
                  },
                  "to" : {
                    "object" : "meni",
                    "edge" : "bottom"
                  },
                  "expectedDistance" : "1px",
                  "realDistance" : "11px"
                } ],
                "highlight" : [ "stavka_menija-5", "meni" ]
              }, {
                "status" : "info",
                "place" : {
                  "filePath" : "unos.gspec",
                  "lineNumber" : 38
                },
                "name" : "aligned horizontally all stavka_menija-1",
                "highlight" : [ "stavka_menija-5", "stavka_menija-1" ]
              } ]
            }, {
              "name" : "logo",
              "specs" : [ {
                "status" : "info",
                "place" : {
                  "filePath" : "unos.gspec",
                  "lineNumber" : 41
                },
                "name" : "inside screen",
                "meta" : [ ],
                "highlight" : [ "logo", "screen" ]
              }, {
                "status" : "info",
                "place" : {
                  "filePath" : "unos.gspec",
                  "lineNumber" : 42
                },
                "name" : "centered horizontally inside meni",
                "highlight" : [ "logo", "meni" ]
              } ]
            } ]
          }, {
            "name" : "Main section",
            "place" : {
              "filePath" : "unos.gspec",
              "lineNumber" : 44
            },
            "objects" : [ {
              "name" : "sadrzaj",
              "specs" : [ {
                "status" : "info",
                "place" : {
                  "filePath" : "unos.gspec",
                  "lineNumber" : 46
                },
                "name" : "inside screen",
                "meta" : [ ],
                "highlight" : [ "sadrzaj", "screen" ]
              }, {
                "status" : "info",
                "place" : {
                  "filePath" : "unos.gspec",
                  "lineNumber" : 47
                },
                "name" : "contains forma_za_unos",
                "highlight" : [ "sadrzaj", "forma_za_unos" ]
              } ]
            }, {
              "name" : "forma_za_unos",
              "specs" : [ {
                "status" : "info",
                "place" : {
                  "filePath" : "unos.gspec",
                  "lineNumber" : 50
                },
                "name" : "inside sadrzaj",
                "meta" : [ ],
                "highlight" : [ "forma_za_unos", "sadrzaj" ]
              } ]
            }, {
              "name" : "labela_forme-1",
              "specs" : [ {
                "status" : "info",
                "place" : {
                  "filePath" : "unos.gspec",
                  "lineNumber" : 53
                },
                "name" : "width 150px",
                "meta" : [ {
                  "from" : {
                    "object" : "labela_forme-1",
                    "edge" : "left"
                  },
                  "to" : {
                    "object" : "labela_forme-1",
                    "edge" : "right"
                  },
                  "expectedDistance" : "150px",
                  "realDistance" : "150px"
                } ],
                "highlight" : [ "labela_forme-1" ]
              }, {
                "status" : "info",
                "place" : {
                  "filePath" : "unos.gspec",
                  "lineNumber" : 54
                },
                "name" : "aligned vertically all labela_forme-2",
                "highlight" : [ "labela_forme-1", "labela_forme-2" ]
              }, {
                "status" : "info",
                "place" : {
                  "filePath" : "unos.gspec",
                  "lineNumber" : 55
                },
                "name" : "aligned vertically all labela_forme-3",
                "highlight" : [ "labela_forme-1", "labela_forme-3" ]
              }, {
                "status" : "info",
                "place" : {
                  "filePath" : "unos.gspec",
                  "lineNumber" : 56
                },
                "name" : "aligned vertically all labela_forme-4",
                "highlight" : [ "labela_forme-1", "labela_forme-4" ]
              }, {
                "status" : "info",
                "place" : {
                  "filePath" : "unos.gspec",
                  "lineNumber" : 57
                },
                "name" : "above labela_forme-2 1% of forma_za_unos/width",
                "meta" : [ {
                  "from" : {
                    "object" : "labela_forme-1",
                    "edge" : "bottom"
                  },
                  "to" : {
                    "object" : "labela_forme-2",
                    "edge" : "top"
                  },
                  "expectedDistance" : "1px",
                  "realDistance" : "14px"
                } ],
                "highlight" : [ "labela_forme-1", "labela_forme-2" ]
              } ]
            }, {
              "name" : "labela_forme-2",
              "specs" : [ {
                "status" : "info",
                "place" : {
                  "filePath" : "unos.gspec",
                  "lineNumber" : 60
                },
                "name" : "width 150px",
                "meta" : [ {
                  "from" : {
                    "object" : "labela_forme-2",
                    "edge" : "left"
                  },
                  "to" : {
                    "object" : "labela_forme-2",
                    "edge" : "right"
                  },
                  "expectedDistance" : "150px",
                  "realDistance" : "150px"
                } ],
                "highlight" : [ "labela_forme-2" ]
              }, {
                "status" : "info",
                "place" : {
                  "filePath" : "unos.gspec",
                  "lineNumber" : 61
                },
                "name" : "aligned vertically all labela_forme-1",
                "highlight" : [ "labela_forme-2", "labela_forme-1" ]
              }, {
                "status" : "info",
                "place" : {
                  "filePath" : "unos.gspec",
                  "lineNumber" : 62
                },
                "name" : "aligned vertically all labela_forme-3",
                "highlight" : [ "labela_forme-2", "labela_forme-3" ]
              }, {
                "status" : "info",
                "place" : {
                  "filePath" : "unos.gspec",
                  "lineNumber" : 63
                },
                "name" : "aligned vertically all labela_forme-4",
                "highlight" : [ "labela_forme-2", "labela_forme-4" ]
              }, {
                "status" : "info",
                "place" : {
                  "filePath" : "unos.gspec",
                  "lineNumber" : 64
                },
                "name" : "above labela_forme-3 1% of forma_za_unos/width",
                "meta" : [ {
                  "from" : {
                    "object" : "labela_forme-2",
                    "edge" : "bottom"
                  },
                  "to" : {
                    "object" : "labela_forme-3",
                    "edge" : "top"
                  },
                  "expectedDistance" : "1px",
                  "realDistance" : "13px"
                } ],
                "highlight" : [ "labela_forme-2", "labela_forme-3" ]
              } ]
            }, {
              "name" : "labela_forme-3",
              "specs" : [ {
                "status" : "info",
                "place" : {
                  "filePath" : "unos.gspec",
                  "lineNumber" : 67
                },
                "name" : "width 150px",
                "meta" : [ {
                  "from" : {
                    "object" : "labela_forme-3",
                    "edge" : "left"
                  },
                  "to" : {
                    "object" : "labela_forme-3",
                    "edge" : "right"
                  },
                  "expectedDistance" : "150px",
                  "realDistance" : "150px"
                } ],
                "highlight" : [ "labela_forme-3" ]
              }, {
                "status" : "info",
                "place" : {
                  "filePath" : "unos.gspec",
                  "lineNumber" : 68
                },
                "name" : "aligned vertically all labela_forme-1",
                "highlight" : [ "labela_forme-3", "labela_forme-1" ]
              }, {
                "status" : "info",
                "place" : {
                  "filePath" : "unos.gspec",
                  "lineNumber" : 69
                },
                "name" : "aligned vertically all labela_forme-2",
                "highlight" : [ "labela_forme-3", "labela_forme-2" ]
              }, {
                "status" : "info",
                "place" : {
                  "filePath" : "unos.gspec",
                  "lineNumber" : 70
                },
                "name" : "aligned vertically all labela_forme-4",
                "highlight" : [ "labela_forme-3", "labela_forme-4" ]
              }, {
                "status" : "info",
                "place" : {
                  "filePath" : "unos.gspec",
                  "lineNumber" : 71
                },
                "name" : "above labela_forme-4 1% of forma_za_unos/width",
                "meta" : [ {
                  "from" : {
                    "object" : "labela_forme-3",
                    "edge" : "bottom"
                  },
                  "to" : {
                    "object" : "labela_forme-4",
                    "edge" : "top"
                  },
                  "expectedDistance" : "1px",
                  "realDistance" : "14px"
                } ],
                "highlight" : [ "labela_forme-3", "labela_forme-4" ]
              } ]
            }, {
              "name" : "labela_forme-4",
              "specs" : [ {
                "status" : "info",
                "place" : {
                  "filePath" : "unos.gspec",
                  "lineNumber" : 74
                },
                "name" : "width 150px",
                "meta" : [ {
                  "from" : {
                    "object" : "labela_forme-4",
                    "edge" : "left"
                  },
                  "to" : {
                    "object" : "labela_forme-4",
                    "edge" : "right"
                  },
                  "expectedDistance" : "150px",
                  "realDistance" : "150px"
                } ],
                "highlight" : [ "labela_forme-4" ]
              }, {
                "status" : "info",
                "place" : {
                  "filePath" : "unos.gspec",
                  "lineNumber" : 75
                },
                "name" : "aligned vertically all labela_forme-1",
                "highlight" : [ "labela_forme-4", "labela_forme-1" ]
              }, {
                "status" : "info",
                "place" : {
                  "filePath" : "unos.gspec",
                  "lineNumber" : 76
                },
                "name" : "aligned vertically all labela_forme-2",
                "highlight" : [ "labela_forme-4", "labela_forme-2" ]
              }, {
                "status" : "info",
                "place" : {
                  "filePath" : "unos.gspec",
                  "lineNumber" : 77
                },
                "name" : "aligned vertically all labela_forme-3",
                "highlight" : [ "labela_forme-4", "labela_forme-3" ]
              }, {
                "status" : "info",
                "place" : {
                  "filePath" : "unos.gspec",
                  "lineNumber" : 78
                },
                "name" : "below labela_forme-3 1% of forma_za_unos/width",
                "meta" : [ {
                  "from" : {
                    "object" : "labela_forme-4",
                    "edge" : "top"
                  },
                  "to" : {
                    "object" : "labela_forme-3",
                    "edge" : "bottom"
                  },
                  "expectedDistance" : "1px",
                  "realDistance" : "14px"
                } ],
                "highlight" : [ "labela_forme-4", "labela_forme-3" ]
              } ]
            } ]
          } ],
          "objects" : {
            "meni" : {
              "area" : [ 0, 60, 1011, 118 ]
            },
            "stavka_menija-3" : {
              "area" : [ 469, 149, 34, 18 ]
            },
            "screen" : {
              "area" : [ 0, 0, 1011, 682 ]
            },
            "stavka_menija-2" : {
              "area" : [ 432, 149, 28, 18 ]
            },
            "stavka_menija-1" : {
              "area" : [ 371, 149, 51, 18 ]
            },
            "stavka_menija-5" : {
              "area" : [ 598, 149, 41, 18 ]
            },
            "sadrzaj" : {
              "area" : [ 0, 188, 1011, 232 ]
            },
            "stavka_menija-4" : {
              "area" : [ 513, 149, 75, 18 ]
            },
            "forma_za_unos" : {
              "area" : [ 50, 218, 941, 171 ]
            },
            "logo" : {
              "area" : [ 470, 25, 70, 70 ]
            },
            "labela_forme-1" : {
              "area" : [ 50, 223, 150, 18 ]
            },
            "labela_forme-4" : {
              "area" : [ 50, 318, 150, 18 ]
            },
            "labela_forme-2" : {
              "area" : [ 50, 255, 150, 18 ]
            },
            "labela_forme-3" : {
              "area" : [ 50, 286, 150, 18 ]
            }
          },
          "screenshot" : "layout-1-screenshot.png",
          "type" : "layout"
        }, {
          "name" : "Mutation testing: unos.gspec included tags: ",
          "status" : "error",
          "time" : 1573655117246,
          "mutationReport" : {
            "objectMutationStatistics" : {
              "meni" : {
                "passed" : 9,
                "failed" : 1,
                "failedMutations" : [ "meni: increase height by 5px" ]
              },
              "stavka_menija-3" : {
                "passed" : 5,
                "failed" : 5,
                "failedMutations" : [ "stavka_menija-3: drag left by 5px", "stavka_menija-3: drag right by 5px", "stavka_menija-3: increase width by 5px", "stavka_menija-3: decrease width by 5px", "stavka_menija-3: move left edge right by 5px" ]
              },
              "screen" : {
                "passed" : 10,
                "failed" : 0,
                "failedMutations" : [ ]
              },
              "stavka_menija-2" : {
                "passed" : 5,
                "failed" : 5,
                "failedMutations" : [ "stavka_menija-2: drag left by 5px", "stavka_menija-2: drag right by 5px", "stavka_menija-2: increase width by 5px", "stavka_menija-2: decrease width by 5px", "stavka_menija-2: move left edge right by 5px" ]
              },
              "stavka_menija-1" : {
                "passed" : 5,
                "failed" : 5,
                "failedMutations" : [ "stavka_menija-1: drag left by 5px", "stavka_menija-1: drag right by 5px", "stavka_menija-1: increase width by 5px", "stavka_menija-1: decrease width by 5px", "stavka_menija-1: move left edge right by 5px" ]
              },
              "stavka_menija-5" : {
                "passed" : 5,
                "failed" : 5,
                "failedMutations" : [ "stavka_menija-5: drag left by 5px", "stavka_menija-5: drag right by 5px", "stavka_menija-5: increase width by 5px", "stavka_menija-5: decrease width by 5px", "stavka_menija-5: move left edge right by 5px" ]
              },
              "sadrzaj" : {
                "passed" : 3,
                "failed" : 7,
                "failedMutations" : [ "sadrzaj: drag top by 5px", "sadrzaj: drag down by 5px", "sadrzaj: decrease width by 5px", "sadrzaj: increase height by 5px", "sadrzaj: decrease height by 5px", "sadrzaj: move left edge right by 5px", "sadrzaj: move top edge down by 5px" ]
              },
              "stavka_menija-4" : {
                "passed" : 5,
                "failed" : 5,
                "failedMutations" : [ "stavka_menija-4: drag left by 5px", "stavka_menija-4: drag right by 5px", "stavka_menija-4: increase width by 5px", "stavka_menija-4: decrease width by 5px", "stavka_menija-4: move left edge right by 5px" ]
              },
              "forma_za_unos" : {
                "passed" : 10,
                "failed" : 0,
                "failedMutations" : [ ]
              },
              "logo" : {
                "passed" : 5,
                "failed" : 5,
                "failedMutations" : [ "logo: drag top by 5px", "logo: drag down by 5px", "logo: increase height by 5px", "logo: decrease height by 5px", "logo: move top edge down by 5px" ]
              },
              "labela_forme-1" : {
                "passed" : 9,
                "failed" : 1,
                "failedMutations" : [ "labela_forme-1: move top edge down by 5px" ]
              },
              "labela_forme-4" : {
                "passed" : 8,
                "failed" : 2,
                "failedMutations" : [ "labela_forme-4: increase height by 5px", "labela_forme-4: decrease height by 5px" ]
              },
              "labela_forme-2" : {
                "passed" : 9,
                "failed" : 1,
                "failedMutations" : [ "labela_forme-2: decrease height by 5px" ]
              },
              "labela_forme-3" : {
                "passed" : 9,
                "failed" : 1,
                "failedMutations" : [ "labela_forme-3: move top edge down by 5px" ]
              }
            },
            "totalPassed" : 97,
            "totalFailed" : 43,
            "failedRatio" : 30.714285714285715,
            "totalMutations" : 140
          },
          "type" : "mutation"
        } ],
        "time" : 1573655113000,
        "type" : "node"
      } ],
      "time" : 1573655102594,
      "type" : "node"
    } ]
  }
}