{
  "testId" : "1-sale.gspec",
  "name" : "sale.gspec",
  "report" : {
    "nodes" : [ {
      "name" : "Mutation test",
      "status" : "info",
      "nodes" : [ {
        "name" : "check  sale.gspec --url http://localhost:8080/sale.html --size 1024x768 --offset 5 --htmlreport mutate_izvjestaji_sale",
        "status" : "info",
        "nodes" : [ {
          "name" : "Check layout: sale.gspec included tags: ",
          "status" : "info",
          "time" : 1573512868134,
          "sections" : [ {
            "name" : "Header section",
            "place" : {
              "filePath" : "sale.gspec",
              "lineNumber" : 13
            },
            "objects" : [ {
              "name" : "meni",
              "specs" : [ {
                "status" : "info",
                "place" : {
                  "filePath" : "sale.gspec",
                  "lineNumber" : 15
                },
                "name" : "near li -50 to 50px top",
                "meta" : [ {
                  "from" : {
                    "object" : "meni",
                    "edge" : "bottom"
                  },
                  "to" : {
                    "object" : "li",
                    "edge" : "top"
                  },
                  "expectedDistance" : "-50 to 50px",
                  "realDistance" : "-30px"
                } ],
                "highlight" : [ "meni", "li" ]
              }, {
                "status" : "info",
                "place" : {
                  "filePath" : "sale.gspec",
                  "lineNumber" : 16
                },
                "name" : "css text-align is \"center\"",
                "highlight" : [ "meni" ]
              }, {
                "status" : "info",
                "place" : {
                  "filePath" : "sale.gspec",
                  "lineNumber" : 17
                },
                "name" : "width 95 to 100 % of screen/width",
                "meta" : [ {
                  "from" : {
                    "object" : "meni",
                    "edge" : "left"
                  },
                  "to" : {
                    "object" : "meni",
                    "edge" : "right"
                  },
                  "expectedDistance" : "95 to 100% [961 to 1012px]",
                  "realDistance" : "98% [996px]"
                } ],
                "highlight" : [ "meni" ]
              } ]
            }, {
              "name" : "logo",
              "specs" : [ {
                "status" : "info",
                "place" : {
                  "filePath" : "sale.gspec",
                  "lineNumber" : 19
                },
                "name" : "near meni -3px top",
                "meta" : [ {
                  "from" : {
                    "object" : "logo",
                    "edge" : "bottom"
                  },
                  "to" : {
                    "object" : "meni",
                    "edge" : "top"
                  },
                  "expectedDistance" : "-3px",
                  "realDistance" : "-3px"
                } ],
                "highlight" : [ "logo", "meni" ]
              } ]
            }, {
              "name" : "li",
              "specs" : [ {
                "status" : "info",
                "place" : {
                  "filePath" : "sale.gspec",
                  "lineNumber" : 21
                },
                "name" : "css display is \"inline-block\"",
                "highlight" : [ "li" ]
              } ]
            }, {
              "name" : "lista-stavka-1",
              "specs" : [ {
                "status" : "info",
                "place" : {
                  "filePath" : "sale.gspec",
                  "lineNumber" : 23
                },
                "name" : "text contains \"Početna\"",
                "highlight" : [ "lista-stavka-1" ]
              } ]
            }, {
              "name" : "lista-stavka-2",
              "specs" : [ {
                "status" : "info",
                "place" : {
                  "filePath" : "sale.gspec",
                  "lineNumber" : 25
                },
                "name" : "text contains \"Sale\"",
                "highlight" : [ "lista-stavka-2" ]
              }, {
                "status" : "info",
                "place" : {
                  "filePath" : "sale.gspec",
                  "lineNumber" : 26
                },
                "name" : "css text-decoration-line is \"none\"",
                "highlight" : [ "lista-stavka-2" ]
              } ]
            }, {
              "name" : "lista-stavka-3",
              "specs" : [ {
                "status" : "info",
                "place" : {
                  "filePath" : "sale.gspec",
                  "lineNumber" : 28
                },
                "name" : "text contains \"Unos\"",
                "highlight" : [ "lista-stavka-3" ]
              } ]
            }, {
              "name" : "lista-stavka-4",
              "specs" : [ {
                "status" : "info",
                "place" : {
                  "filePath" : "sale.gspec",
                  "lineNumber" : 30
                },
                "name" : "text contains \"Rezervacije\"",
                "highlight" : [ "lista-stavka-4" ]
              } ]
            }, {
              "name" : "lista-stavka-5",
              "specs" : [ {
                "status" : "info",
                "place" : {
                  "filePath" : "sale.gspec",
                  "lineNumber" : 32
                },
                "name" : "text contains \"Osobe\"",
                "highlight" : [ "lista-stavka-5" ]
              } ]
            } ]
          }, {
            "name" : "Main section",
            "place" : {
              "filePath" : "sale.gspec",
              "lineNumber" : 34
            },
            "objects" : [ {
              "name" : "sadrzaj",
              "specs" : [ {
                "status" : "info",
                "place" : {
                  "filePath" : "sale.gspec",
                  "lineNumber" : 36
                },
                "name" : "contains sala",
                "highlight" : [ "sadrzaj", "sala" ]
              }, {
                "status" : "info",
                "place" : {
                  "filePath" : "sale.gspec",
                  "lineNumber" : 37
                },
                "name" : "css background-color is \"rgb(82, 158, 241)\"",
                "highlight" : [ "sadrzaj" ]
              } ]
            }, {
              "name" : "headerSprat",
              "specs" : [ {
                "status" : "info",
                "place" : {
                  "filePath" : "sale.gspec",
                  "lineNumber" : 39
                },
                "name" : "text contains \"Spratovi\"",
                "highlight" : [ "headerSprat" ]
              }, {
                "status" : "info",
                "place" : {
                  "filePath" : "sale.gspec",
                  "lineNumber" : 40
                },
                "name" : "css background-color is \"rgb(159, 154, 154)\"",
                "highlight" : [ "headerSprat" ]
              } ]
            }, {
              "name" : "headerRedni",
              "specs" : [ {
                "status" : "info",
                "place" : {
                  "filePath" : "sale.gspec",
                  "lineNumber" : 42
                },
                "name" : "text contains \"Redni\"",
                "highlight" : [ "headerRedni" ]
              }, {
                "status" : "info",
                "place" : {
                  "filePath" : "sale.gspec",
                  "lineNumber" : 43
                },
                "name" : "css background-color is \"rgb(210, 209, 209)\"",
                "highlight" : [ "headerRedni" ]
              } ]
            }, {
              "name" : "tabelaSala",
              "specs" : [ {
                "status" : "info",
                "place" : {
                  "filePath" : "sale.gspec",
                  "lineNumber" : 45
                },
                "name" : "css background-color is \"rgb(255, 255, 255)\"",
                "highlight" : [ "tabelaSala" ]
              } ]
            } ]
          } ],
          "objects" : {
            "meni" : {
              "area" : [ 8, 50, 996, 70 ]
            },
            "headerRedni" : {
              "area" : [ 369, 182, 90, 40 ]
            },
            "sadrzaj" : {
              "area" : [ 8, 131, 996, 462 ]
            },
            "tabelaSala" : {
              "area" : [ 459, 222, 34, 40 ]
            },
            "lista-stavka-2" : {
              "area" : [ 458, 90, 27, 17 ]
            },
            "headerSprat" : {
              "area" : [ 459, 142, 182, 40 ]
            },
            "lista-stavka-1" : {
              "area" : [ 403, 90, 50, 17 ]
            },
            "lista-stavka-4" : {
              "area" : [ 527, 90, 75, 17 ]
            },
            "lista-stavka-3" : {
              "area" : [ 490, 90, 33, 17 ]
            },
            "sala" : {
              "area" : [ 369, 141, 273, 442 ]
            },
            "lista-stavka-5" : {
              "area" : [ 607, 90, 40, 17 ]
            },
            "logo" : {
              "area" : [ 506, 18, 60, 35 ]
            },
            "li" : {
              "area" : [ 403, 90, 50, 40 ]
            }
          },
          "screenshot" : "layout-1-screenshot.png",
          "type" : "layout"
        }, {
          "name" : "Mutation testing: sale.gspec included tags: ",
          "status" : "info",
          "time" : 1573512868134,
          "mutationReport" : {
            "objectMutationStatistics" : {
              "meni" : {
                "passed" : 10,
                "failed" : 0,
                "failedMutations" : [ ]
              },
              "screen" : {
                "passed" : 10,
                "failed" : 0,
                "failedMutations" : [ ]
              },
              "headerRedni" : {
                "passed" : 10,
                "failed" : 0,
                "failedMutations" : [ ]
              },
              "sadrzaj" : {
                "passed" : 10,
                "failed" : 0,
                "failedMutations" : [ ]
              },
              "tabelaSala" : {
                "passed" : 10,
                "failed" : 0,
                "failedMutations" : [ ]
              },
              "lista-stavka-2" : {
                "passed" : 10,
                "failed" : 0,
                "failedMutations" : [ ]
              },
              "headerSprat" : {
                "passed" : 10,
                "failed" : 0,
                "failedMutations" : [ ]
              },
              "lista-stavka-1" : {
                "passed" : 10,
                "failed" : 0,
                "failedMutations" : [ ]
              },
              "lista-stavka-4" : {
                "passed" : 10,
                "failed" : 0,
                "failedMutations" : [ ]
              },
              "lista-stavka-3" : {
                "passed" : 10,
                "failed" : 0,
                "failedMutations" : [ ]
              },
              "sala" : {
                "passed" : 10,
                "failed" : 0,
                "failedMutations" : [ ]
              },
              "lista-stavka-5" : {
                "passed" : 10,
                "failed" : 0,
                "failedMutations" : [ ]
              },
              "logo" : {
                "passed" : 10,
                "failed" : 0,
                "failedMutations" : [ ]
              },
              "li" : {
                "passed" : 10,
                "failed" : 0,
                "failedMutations" : [ ]
              }
            },
            "totalPassed" : 140,
            "totalFailed" : 0,
            "failedRatio" : 0.0,
            "totalMutations" : 140
          },
          "type" : "mutation"
        } ],
        "time" : 1573512864025,
        "type" : "node"
      } ],
      "time" : 1573512858716,
      "type" : "node"
    } ]
  }
}