{"periodicna" : 
[{"dan":0,"semestar":"zimski","pocetak":"12:00","kraj":"13:00","naziv":"0-01","predavac":"Novica"},{"dan":1,"semestar":"zimski","pocetak":"12:00","kraj":"15:00","naziv":"0-01","predavac":"Juric"},{"dan":2,"semestar":"zimski","pocetak":"11:00","kraj":"12:30","naziv":"0-01","predavac":"Juric"},{"dan":6,"semestar":"zimski","pocetak":"10:00","kraj":"11:00","naziv":"0-01","predavac":"Juric"},{"dan":5,"semestar":"zimski","pocetak":"10:00","kraj":"11:00","naziv":"0-04","predavac":"Juric"},{"dan":6,"semestar":"zimski","pocetak":"16:00","kraj":"17:00","naziv":"0-04","predavac":"Juric"},{"dan":1,"semestar":"ljetni","pocetak":"12:00","kraj":"15:00","naziv":"VA1","predavac":"Juric"},{"dan":5,"semestar":"ljetni","pocetak":"09:00","kraj":"11:00","naziv":"VA1","predavac":"Juric"},{"dan":4,"semestar":"ljetni","pocetak":"15:00","kraj":"18:00","naziv":"VA2","predavac":"Juric"},{"dan":4,"semestar":"ljetni","pocetak":"16:00","kraj":"19:00","naziv":"VA2","predavac":"Juric"}], "vanredna" :
[{"datum":"12.01.2019","pocetak":"00:00","kraj":"01:30","naziv":"0-09","predavac":"Ja"},{"datum":"01.01.2019","pocetak":"01:00","kraj":"01:30","naziv":"0-09","predavac":"Ja"},{"datum":"25.12.2019","pocetak":"12:00","kraj":"13:00","naziv":"0-01","predavac":"Ja"},{"datum":"15.10.2019","pocetak":"23:00","kraj":"23:30","naziv":"0-01","predavac":"Ja"},{"datum":"27.02.2019","pocetak":"12:00","kraj":"13:00","naziv":"0-01","predavac":"Ja"},{"datum":"23.11.2019","pocetak":"14:15","kraj":"16:00","naziv":"0-01","predavac":"Ja"},{"datum":"24.11.2019","pocetak":"00:00","kraj":"00:01","naziv":"0-01","predavac":"Ja"}]}