{
  "testId" : "1-mobilepocetna.gspec",
  "name" : "mobilePocetna.gspec",
  "report" : {
    "nodes" : [ {
      "name" : "Simple check",
      "status" : "info",
      "nodes" : [ {
        "name" : "check  mobilePocetna.gspec --url http://localhost:8080/pocetna.html --size 600x600 --htmlreport izvjestaji_mobilePocetna",
        "status" : "info",
        "nodes" : [ {
          "name" : "Check layout: mobilePocetna.gspec included tags: ",
          "status" : "info",
          "time" : 1573511760918,
          "sections" : [ {
            "name" : "Header section",
            "place" : {
              "filePath" : "mobilePocetna.gspec",
              "lineNumber" : 9
            },
            "objects" : [ {
              "name" : "screen",
              "specs" : [ {
                "status" : "info",
                "place" : {
                  "filePath" : "mobilePocetna.gspec",
                  "lineNumber" : 12
                },
                "name" : "width < 601px",
                "meta" : [ {
                  "from" : {
                    "object" : "screen",
                    "edge" : "left"
                  },
                  "to" : {
                    "object" : "screen",
                    "edge" : "right"
                  },
                  "expectedDistance" : "< 601px",
                  "realDistance" : "583px"
                } ],
                "highlight" : [ "screen" ]
              } ]
            }, {
              "name" : "meni",
              "specs" : [ {
                "status" : "info",
                "place" : {
                  "filePath" : "mobilePocetna.gspec",
                  "lineNumber" : 14
                },
                "name" : "near li -100 to 100px top",
                "meta" : [ {
                  "from" : {
                    "object" : "meni",
                    "edge" : "bottom"
                  },
                  "to" : {
                    "object" : "li",
                    "edge" : "top"
                  },
                  "expectedDistance" : "-100 to 100px",
                  "realDistance" : "-90px"
                } ],
                "highlight" : [ "meni", "li" ]
              }, {
                "status" : "info",
                "place" : {
                  "filePath" : "mobilePocetna.gspec",
                  "lineNumber" : 15
                },
                "name" : "css text-align is \"center\"",
                "highlight" : [ "meni" ]
              }, {
                "status" : "info",
                "place" : {
                  "filePath" : "mobilePocetna.gspec",
                  "lineNumber" : 16
                },
                "name" : "width 95 to 100 % of screen/width",
                "meta" : [ {
                  "from" : {
                    "object" : "meni",
                    "edge" : "left"
                  },
                  "to" : {
                    "object" : "meni",
                    "edge" : "right"
                  },
                  "expectedDistance" : "95 to 100% [553 to 583px]",
                  "realDistance" : "95% [555px]"
                } ],
                "highlight" : [ "meni" ]
              } ]
            }, {
              "name" : "logo",
              "specs" : [ {
                "status" : "info",
                "place" : {
                  "filePath" : "mobilePocetna.gspec",
                  "lineNumber" : 18
                },
                "name" : "near meni -40 to 40px top",
                "meta" : [ {
                  "from" : {
                    "object" : "logo",
                    "edge" : "bottom"
                  },
                  "to" : {
                    "object" : "meni",
                    "edge" : "top"
                  },
                  "expectedDistance" : "-40 to 40px",
                  "realDistance" : "-33px"
                } ],
                "highlight" : [ "logo", "meni" ]
              }, {
                "status" : "info",
                "place" : {
                  "filePath" : "mobilePocetna.gspec",
                  "lineNumber" : 19
                },
                "name" : "css position is \"absolute\"",
                "highlight" : [ "logo" ]
              } ]
            }, {
              "name" : "li",
              "specs" : [ {
                "status" : "info",
                "place" : {
                  "filePath" : "mobilePocetna.gspec",
                  "lineNumber" : 21
                },
                "name" : "css display is \"inline\"",
                "highlight" : [ "li" ]
              } ]
            }, {
              "name" : "lista-stavka-1",
              "specs" : [ {
                "status" : "info",
                "place" : {
                  "filePath" : "mobilePocetna.gspec",
                  "lineNumber" : 23
                },
                "name" : "text contains \"Početna\"",
                "highlight" : [ "lista-stavka-1" ]
              }, {
                "status" : "info",
                "place" : {
                  "filePath" : "mobilePocetna.gspec",
                  "lineNumber" : 24
                },
                "name" : "css text-decoration-line is \"none\"",
                "highlight" : [ "lista-stavka-1" ]
              } ]
            }, {
              "name" : "lista-stavka-2",
              "specs" : [ {
                "status" : "info",
                "place" : {
                  "filePath" : "mobilePocetna.gspec",
                  "lineNumber" : 26
                },
                "name" : "text contains \"Sale\"",
                "highlight" : [ "lista-stavka-2" ]
              }, {
                "status" : "info",
                "place" : {
                  "filePath" : "mobilePocetna.gspec",
                  "lineNumber" : 27
                },
                "name" : "below lista-stavka-1 -20 to 10px",
                "meta" : [ {
                  "from" : {
                    "object" : "lista-stavka-2",
                    "edge" : "top"
                  },
                  "to" : {
                    "object" : "lista-stavka-1",
                    "edge" : "bottom"
                  },
                  "expectedDistance" : "-20 to 10px",
                  "realDistance" : "0px"
                } ],
                "highlight" : [ "lista-stavka-2", "lista-stavka-1" ]
              } ]
            }, {
              "name" : "lista-stavka-3",
              "specs" : [ {
                "status" : "info",
                "place" : {
                  "filePath" : "mobilePocetna.gspec",
                  "lineNumber" : 29
                },
                "name" : "text contains \"Unos\"",
                "highlight" : [ "lista-stavka-3" ]
              }, {
                "status" : "info",
                "place" : {
                  "filePath" : "mobilePocetna.gspec",
                  "lineNumber" : 30
                },
                "name" : "below lista-stavka-2 -20 to 10px",
                "meta" : [ {
                  "from" : {
                    "object" : "lista-stavka-3",
                    "edge" : "top"
                  },
                  "to" : {
                    "object" : "lista-stavka-2",
                    "edge" : "bottom"
                  },
                  "expectedDistance" : "-20 to 10px",
                  "realDistance" : "0px"
                } ],
                "highlight" : [ "lista-stavka-3", "lista-stavka-2" ]
              } ]
            }, {
              "name" : "lista-stavka-4",
              "specs" : [ {
                "status" : "info",
                "place" : {
                  "filePath" : "mobilePocetna.gspec",
                  "lineNumber" : 32
                },
                "name" : "text contains \"Rezervacije\"",
                "highlight" : [ "lista-stavka-4" ]
              }, {
                "status" : "info",
                "place" : {
                  "filePath" : "mobilePocetna.gspec",
                  "lineNumber" : 33
                },
                "name" : "below lista-stavka-3 -20 to 10px",
                "meta" : [ {
                  "from" : {
                    "object" : "lista-stavka-4",
                    "edge" : "top"
                  },
                  "to" : {
                    "object" : "lista-stavka-3",
                    "edge" : "bottom"
                  },
                  "expectedDistance" : "-20 to 10px",
                  "realDistance" : "0px"
                } ],
                "highlight" : [ "lista-stavka-4", "lista-stavka-3" ]
              } ]
            }, {
              "name" : "lista-stavka-5",
              "specs" : [ {
                "status" : "info",
                "place" : {
                  "filePath" : "mobilePocetna.gspec",
                  "lineNumber" : 35
                },
                "name" : "text contains \"Osobe\"",
                "highlight" : [ "lista-stavka-5" ]
              }, {
                "status" : "info",
                "place" : {
                  "filePath" : "mobilePocetna.gspec",
                  "lineNumber" : 36
                },
                "name" : "below lista-stavka-5 -20 to 10px",
                "meta" : [ {
                  "from" : {
                    "object" : "lista-stavka-5",
                    "edge" : "top"
                  },
                  "to" : {
                    "object" : "lista-stavka-5",
                    "edge" : "bottom"
                  },
                  "expectedDistance" : "-20 to 10px",
                  "realDistance" : "-18px"
                } ],
                "highlight" : [ "lista-stavka-5", "lista-stavka-5" ]
              } ]
            } ]
          }, {
            "name" : "Main section",
            "place" : {
              "filePath" : "mobilePocetna.gspec",
              "lineNumber" : 38
            },
            "objects" : [ {
              "name" : "sadrzaj",
              "specs" : [ {
                "status" : "info",
                "place" : {
                  "filePath" : "mobilePocetna.gspec",
                  "lineNumber" : 40
                },
                "name" : "contains slika",
                "highlight" : [ "sadrzaj", "slika" ]
              }, {
                "status" : "info",
                "place" : {
                  "filePath" : "mobilePocetna.gspec",
                  "lineNumber" : 41
                },
                "name" : "css background-color is \"rgb(82, 158, 241)\"",
                "highlight" : [ "sadrzaj" ]
              }, {
                "status" : "info",
                "place" : {
                  "filePath" : "mobilePocetna.gspec",
                  "lineNumber" : 42
                },
                "name" : "below meni 5 to 25px",
                "meta" : [ {
                  "from" : {
                    "object" : "sadrzaj",
                    "edge" : "top"
                  },
                  "to" : {
                    "object" : "meni",
                    "edge" : "bottom"
                  },
                  "expectedDistance" : "5 to 25px",
                  "realDistance" : "11px"
                } ],
                "highlight" : [ "sadrzaj", "meni" ]
              } ]
            } ]
          } ],
          "objects" : {
            "meni" : {
              "area" : [ 8, 40, 555, 125 ]
            },
            "slika" : {
              "area" : [ 48, 196, 260, 260 ]
            },
            "lista-stavka-2" : {
              "area" : [ 48, 93, 515, 18 ]
            },
            "lista-stavka-1" : {
              "area" : [ 48, 75, 515, 18 ]
            },
            "lista-stavka-4" : {
              "area" : [ 48, 129, 515, 18 ]
            },
            "lista-stavka-3" : {
              "area" : [ 48, 111, 515, 18 ]
            },
            "lista-stavka-5" : {
              "area" : [ 48, 147, 515, 18 ]
            },
            "screen" : {
              "area" : [ 0, 0, 583, 3324 ]
            },
            "logo" : {
              "area" : [ 285, 11, 60, 62 ]
            },
            "li" : {
              "area" : [ 48, 75, 515, 18 ]
            },
            "sadrzaj" : {
              "area" : [ 8, 176, 575, 3140 ]
            }
          },
          "screenshot" : "layout-1-screenshot.png",
          "type" : "layout"
        } ],
        "time" : 1573511758245,
        "type" : "node"
      } ],
      "time" : 1573511752935,
      "type" : "node"
    } ]
  }
}