{
  "testId" : "1-rezervacija.gspec",
  "name" : "rezervacija.gspec",
  "report" : {
    "nodes" : [ {
      "name" : "Mutation test",
      "status" : "info",
      "nodes" : [ {
        "name" : "check  rezervacija.gspec --url http://localhost:8080/rezervacija.html --size 1024x768 --offset 5 --htmlreport mutate_izvjestaji_rezervacija",
        "status" : "info",
        "nodes" : [ {
          "name" : "Check layout: rezervacija.gspec included tags: ",
          "status" : "info",
          "time" : 1573509522095,
          "sections" : [ {
            "name" : "Header section",
            "place" : {
              "filePath" : "rezervacija.gspec",
              "lineNumber" : 19
            },
            "objects" : [ {
              "name" : "meni",
              "specs" : [ {
                "status" : "info",
                "place" : {
                  "filePath" : "rezervacija.gspec",
                  "lineNumber" : 21
                },
                "name" : "near li -50 to 50px top",
                "meta" : [ {
                  "from" : {
                    "object" : "meni",
                    "edge" : "bottom"
                  },
                  "to" : {
                    "object" : "li",
                    "edge" : "top"
                  },
                  "expectedDistance" : "-50 to 50px",
                  "realDistance" : "-37px"
                } ],
                "highlight" : [ "meni", "li" ]
              }, {
                "status" : "info",
                "place" : {
                  "filePath" : "rezervacija.gspec",
                  "lineNumber" : 22
                },
                "name" : "css text-align is \"center\"",
                "highlight" : [ "meni" ]
              }, {
                "status" : "info",
                "place" : {
                  "filePath" : "rezervacija.gspec",
                  "lineNumber" : 23
                },
                "name" : "width 95 to 100 % of screen/width",
                "meta" : [ {
                  "from" : {
                    "object" : "meni",
                    "edge" : "left"
                  },
                  "to" : {
                    "object" : "meni",
                    "edge" : "right"
                  },
                  "expectedDistance" : "95 to 100% [945 to 995px]",
                  "realDistance" : "98% [979px]"
                } ],
                "highlight" : [ "meni" ]
              } ]
            }, {
              "name" : "logo",
              "specs" : [ {
                "status" : "info",
                "place" : {
                  "filePath" : "rezervacija.gspec",
                  "lineNumber" : 25
                },
                "name" : "near meni -20 to 20px top",
                "meta" : [ {
                  "from" : {
                    "object" : "logo",
                    "edge" : "bottom"
                  },
                  "to" : {
                    "object" : "meni",
                    "edge" : "top"
                  },
                  "expectedDistance" : "-20 to 20px",
                  "realDistance" : "-12px"
                } ],
                "highlight" : [ "logo", "meni" ]
              } ]
            }, {
              "name" : "li",
              "specs" : [ {
                "status" : "info",
                "place" : {
                  "filePath" : "rezervacija.gspec",
                  "lineNumber" : 27
                },
                "name" : "css display is \"inline-block\"",
                "highlight" : [ "li" ]
              } ]
            }, {
              "name" : "lista-stavka-1",
              "specs" : [ {
                "status" : "info",
                "place" : {
                  "filePath" : "rezervacija.gspec",
                  "lineNumber" : 29
                },
                "name" : "text contains \"Početna\"",
                "highlight" : [ "lista-stavka-1" ]
              } ]
            }, {
              "name" : "lista-stavka-2",
              "specs" : [ {
                "status" : "info",
                "place" : {
                  "filePath" : "rezervacija.gspec",
                  "lineNumber" : 31
                },
                "name" : "text contains \"Sale\"",
                "highlight" : [ "lista-stavka-2" ]
              } ]
            }, {
              "name" : "lista-stavka-3",
              "specs" : [ {
                "status" : "info",
                "place" : {
                  "filePath" : "rezervacija.gspec",
                  "lineNumber" : 33
                },
                "name" : "text contains \"Unos\"",
                "highlight" : [ "lista-stavka-3" ]
              } ]
            }, {
              "name" : "lista-stavka-4",
              "specs" : [ {
                "status" : "info",
                "place" : {
                  "filePath" : "rezervacija.gspec",
                  "lineNumber" : 35
                },
                "name" : "text contains \"Rezervacije\"",
                "highlight" : [ "lista-stavka-4" ]
              }, {
                "status" : "info",
                "place" : {
                  "filePath" : "rezervacija.gspec",
                  "lineNumber" : 36
                },
                "name" : "css text-decoration-line is \"none\"",
                "highlight" : [ "lista-stavka-4" ]
              } ]
            }, {
              "name" : "lista-stavka-5",
              "specs" : [ {
                "status" : "info",
                "place" : {
                  "filePath" : "rezervacija.gspec",
                  "lineNumber" : 38
                },
                "name" : "text contains \"Osobe\"",
                "highlight" : [ "lista-stavka-5" ]
              } ]
            } ]
          }, {
            "name" : "Main section",
            "place" : {
              "filePath" : "rezervacija.gspec",
              "lineNumber" : 40
            },
            "objects" : [ {
              "name" : "sadrzaj",
              "specs" : [ {
                "status" : "info",
                "place" : {
                  "filePath" : "rezervacija.gspec",
                  "lineNumber" : 42
                },
                "name" : "contains labele, listaSala, formaSala, rezervacijaCB, kalendar, dugme",
                "highlight" : [ "sadrzaj", "labele", "listaSala", "formaSala", "rezervacijaCB", "kalendar", "dugme" ]
              }, {
                "status" : "info",
                "place" : {
                  "filePath" : "rezervacija.gspec",
                  "lineNumber" : 43
                },
                "name" : "css background-color is \"rgb(82, 158, 241)\"",
                "highlight" : [ "sadrzaj" ]
              } ]
            }, {
              "name" : "slobodna",
              "specs" : [ {
                "status" : "info",
                "place" : {
                  "filePath" : "rezervacija.gspec",
                  "lineNumber" : 45
                },
                "name" : "css background-color is \"rgb(173, 255, 47)\"",
                "highlight" : [ "slobodna" ]
              } ]
            }, {
              "name" : "zauzeta",
              "specs" : [ {
                "status" : "info",
                "place" : {
                  "filePath" : "rezervacija.gspec",
                  "lineNumber" : 47
                },
                "name" : "css background-color is \"rgb(255, 69, 0)\"",
                "highlight" : [ "zauzeta" ]
              } ]
            }, {
              "name" : "dugme",
              "specs" : [ {
                "status" : "info",
                "place" : {
                  "filePath" : "rezervacija.gspec",
                  "lineNumber" : 49
                },
                "name" : "below kalendar 0 to 20px",
                "meta" : [ {
                  "from" : {
                    "object" : "dugme",
                    "edge" : "top"
                  },
                  "to" : {
                    "object" : "kalendar",
                    "edge" : "bottom"
                  },
                  "expectedDistance" : "0 to 20px",
                  "realDistance" : "11px"
                } ],
                "highlight" : [ "dugme", "kalendar" ]
              } ]
            }, {
              "name" : "kalendar",
              "specs" : [ {
                "status" : "info",
                "place" : {
                  "filePath" : "rezervacija.gspec",
                  "lineNumber" : 51
                },
                "name" : "css background-color is \"rgb(176, 196, 222)\"",
                "highlight" : [ "kalendar" ]
              } ]
            }, {
              "name" : "nazivDana",
              "specs" : [ {
                "status" : "info",
                "place" : {
                  "filePath" : "rezervacija.gspec",
                  "lineNumber" : 53
                },
                "name" : "css text-align is \"center\"",
                "highlight" : [ "nazivDana" ]
              } ]
            } ]
          } ],
          "objects" : {
            "meni" : {
              "area" : [ 8, 50, 979, 82 ]
            },
            "labele" : {
              "area" : [ 58, 152, 65, 18 ]
            },
            "formaSala" : {
              "area" : [ 210, 153, 51, 16 ]
            },
            "sadrzaj" : {
              "area" : [ 8, 102, 979, 639 ]
            },
            "zauzeta" : {
              "area" : [ 122, 470, 36, 26 ]
            },
            "listaSala" : {
              "area" : [ 158, 152, 103, 20 ]
            },
            "lista-stavka-2" : {
              "area" : [ 449, 95, 27, 17 ]
            },
            "lista-stavka-1" : {
              "area" : [ 395, 95, 50, 17 ]
            },
            "lista-stavka-4" : {
              "area" : [ 519, 95, 75, 17 ]
            },
            "rezervacijaCB" : {
              "area" : [ 158, 193, 13, 13 ]
            },
            "lista-stavka-3" : {
              "area" : [ 481, 95, 33, 17 ]
            },
            "lista-stavka-5" : {
              "area" : [ 598, 95, 40, 17 ]
            },
            "logo" : {
              "area" : [ 497, 21, 60, 41 ]
            },
            "dugme" : {
              "area" : [ 108, 706, 95, 30 ]
            },
            "nazivDana" : {
              "area" : [ 78, 356, 40, 27 ]
            },
            "li" : {
              "area" : [ 395, 95, 50, 18 ]
            },
            "kalendar" : {
              "area" : [ 53, 307, 341, 388 ]
            },
            "slobodna" : {
              "area" : [ 248, 413, 36, 26 ]
            }
          },
          "screenshot" : "layout-1-screenshot.png",
          "type" : "layout"
        }, {
          "name" : "Mutation testing: rezervacija.gspec included tags: ",
          "status" : "info",
          "time" : 1573509522095,
          "mutationReport" : {
            "objectMutationStatistics" : {
              "meni" : {
                "passed" : 10,
                "failed" : 0,
                "failedMutations" : [ ]
              },
              "labele" : {
                "passed" : 10,
                "failed" : 0,
                "failedMutations" : [ ]
              },
              "screen" : {
                "passed" : 10,
                "failed" : 0,
                "failedMutations" : [ ]
              },
              "formaSala" : {
                "passed" : 10,
                "failed" : 0,
                "failedMutations" : [ ]
              },
              "sadrzaj" : {
                "passed" : 10,
                "failed" : 0,
                "failedMutations" : [ ]
              },
              "zauzeta" : {
                "passed" : 10,
                "failed" : 0,
                "failedMutations" : [ ]
              },
              "listaSala" : {
                "passed" : 10,
                "failed" : 0,
                "failedMutations" : [ ]
              },
              "lista-stavka-2" : {
                "passed" : 10,
                "failed" : 0,
                "failedMutations" : [ ]
              },
              "lista-stavka-1" : {
                "passed" : 10,
                "failed" : 0,
                "failedMutations" : [ ]
              },
              "lista-stavka-4" : {
                "passed" : 10,
                "failed" : 0,
                "failedMutations" : [ ]
              },
              "rezervacijaCB" : {
                "passed" : 10,
                "failed" : 0,
                "failedMutations" : [ ]
              },
              "lista-stavka-3" : {
                "passed" : 10,
                "failed" : 0,
                "failedMutations" : [ ]
              },
              "lista-stavka-5" : {
                "passed" : 10,
                "failed" : 0,
                "failedMutations" : [ ]
              },
              "logo" : {
                "passed" : 10,
                "failed" : 0,
                "failedMutations" : [ ]
              },
              "dugme" : {
                "passed" : 10,
                "failed" : 0,
                "failedMutations" : [ ]
              },
              "nazivDana" : {
                "passed" : 10,
                "failed" : 0,
                "failedMutations" : [ ]
              },
              "li" : {
                "passed" : 10,
                "failed" : 0,
                "failedMutations" : [ ]
              },
              "kalendar" : {
                "passed" : 10,
                "failed" : 0,
                "failedMutations" : [ ]
              },
              "slobodna" : {
                "passed" : 10,
                "failed" : 0,
                "failedMutations" : [ ]
              }
            },
            "totalPassed" : 190,
            "totalFailed" : 0,
            "failedRatio" : 0.0,
            "totalMutations" : 190
          },
          "type" : "mutation"
        } ],
        "time" : 1573509515919,
        "type" : "node"
      } ],
      "time" : 1573509510480,
      "type" : "node"
    } ]
  }
}