{
  "testId" : "1-mobileunos.gspec",
  "name" : "mobileUnos.gspec",
  "report" : {
    "nodes" : [ {
      "name" : "Simple check",
      "status" : "info",
      "nodes" : [ {
        "name" : "check  mobileUnos.gspec --url http://localhost/unos.html --size 600x768 --htmlreport izvjestaji_check_mobileUnos",
        "status" : "info",
        "nodes" : [ {
          "name" : "Check layout: mobileUnos.gspec included tags: ",
          "status" : "info",
          "time" : 1573654748842,
          "sections" : [ {
            "name" : "Meni section",
            "place" : {
              "filePath" : "mobileUnos.gspec",
              "lineNumber" : 10
            },
            "objects" : [ {
              "name" : "meni",
              "specs" : [ {
                "status" : "info",
                "place" : {
                  "filePath" : "mobileUnos.gspec",
                  "lineNumber" : 12
                },
                "name" : "inside screen 60px top",
                "meta" : [ {
                  "from" : {
                    "object" : "meni",
                    "edge" : "top"
                  },
                  "to" : {
                    "object" : "screen",
                    "edge" : "top"
                  },
                  "expectedDistance" : "60px",
                  "realDistance" : "60px"
                } ],
                "highlight" : [ "meni", "screen" ]
              } ]
            }, {
              "name" : "stavka_menija-1",
              "specs" : [ {
                "status" : "info",
                "place" : {
                  "filePath" : "mobileUnos.gspec",
                  "lineNumber" : 15
                },
                "name" : "text is \"Po�?etna\"",
                "highlight" : [ "stavka_menija-1" ]
              }, {
                "status" : "info",
                "place" : {
                  "filePath" : "mobileUnos.gspec",
                  "lineNumber" : 16
                },
                "name" : "aligned vertically left stavka_menija-2",
                "highlight" : [ "stavka_menija-1", "stavka_menija-2" ]
              }, {
                "status" : "info",
                "place" : {
                  "filePath" : "mobileUnos.gspec",
                  "lineNumber" : 17
                },
                "name" : "aligned vertically left stavka_menija-3",
                "highlight" : [ "stavka_menija-1", "stavka_menija-3" ]
              }, {
                "status" : "info",
                "place" : {
                  "filePath" : "mobileUnos.gspec",
                  "lineNumber" : 18
                },
                "name" : "aligned vertically left stavka_menija-4",
                "highlight" : [ "stavka_menija-1", "stavka_menija-4" ]
              }, {
                "status" : "info",
                "place" : {
                  "filePath" : "mobileUnos.gspec",
                  "lineNumber" : 19
                },
                "name" : "aligned vertically left stavka_menija-5",
                "highlight" : [ "stavka_menija-1", "stavka_menija-5" ]
              } ]
            }, {
              "name" : "stavka_menija-2",
              "specs" : [ {
                "status" : "info",
                "place" : {
                  "filePath" : "mobileUnos.gspec",
                  "lineNumber" : 22
                },
                "name" : "text is \"Sale\"",
                "highlight" : [ "stavka_menija-2" ]
              } ]
            }, {
              "name" : "stavka_menija-3",
              "specs" : [ {
                "status" : "info",
                "place" : {
                  "filePath" : "mobileUnos.gspec",
                  "lineNumber" : 25
                },
                "name" : "text is \"Unos\"",
                "highlight" : [ "stavka_menija-3" ]
              } ]
            }, {
              "name" : "stavka_menija-4",
              "specs" : [ {
                "status" : "info",
                "place" : {
                  "filePath" : "mobileUnos.gspec",
                  "lineNumber" : 28
                },
                "name" : "text is \"Rezervacije\"",
                "highlight" : [ "stavka_menija-4" ]
              } ]
            }, {
              "name" : "stavka_menija-5",
              "specs" : [ {
                "status" : "info",
                "place" : {
                  "filePath" : "mobileUnos.gspec",
                  "lineNumber" : 31
                },
                "name" : "text is \"Osobe\"",
                "highlight" : [ "stavka_menija-5" ]
              } ]
            }, {
              "name" : "logo",
              "specs" : [ {
                "status" : "info",
                "place" : {
                  "filePath" : "mobileUnos.gspec",
                  "lineNumber" : 34
                },
                "name" : "inside screen",
                "meta" : [ ],
                "highlight" : [ "logo", "screen" ]
              }, {
                "status" : "info",
                "place" : {
                  "filePath" : "mobileUnos.gspec",
                  "lineNumber" : 35
                },
                "name" : "centered horizontally inside meni",
                "highlight" : [ "logo", "meni" ]
              } ]
            } ]
          }, {
            "name" : "Main section",
            "place" : {
              "filePath" : "mobileUnos.gspec",
              "lineNumber" : 37
            },
            "objects" : [ {
              "name" : "sadrzaj",
              "specs" : [ {
                "status" : "info",
                "place" : {
                  "filePath" : "mobileUnos.gspec",
                  "lineNumber" : 39
                },
                "name" : "inside screen",
                "meta" : [ ],
                "highlight" : [ "sadrzaj", "screen" ]
              } ]
            }, {
              "name" : "labela_forme-1",
              "specs" : [ {
                "status" : "info",
                "place" : {
                  "filePath" : "mobileUnos.gspec",
                  "lineNumber" : 42
                },
                "name" : "width 150px",
                "meta" : [ {
                  "from" : {
                    "object" : "labela_forme-1",
                    "edge" : "left"
                  },
                  "to" : {
                    "object" : "labela_forme-1",
                    "edge" : "right"
                  },
                  "expectedDistance" : "150px",
                  "realDistance" : "150px"
                } ],
                "highlight" : [ "labela_forme-1" ]
              }, {
                "status" : "info",
                "place" : {
                  "filePath" : "mobileUnos.gspec",
                  "lineNumber" : 43
                },
                "name" : "above labela_forme-2",
                "meta" : [ {
                  "from" : {
                    "object" : "labela_forme-1",
                    "edge" : "bottom"
                  },
                  "to" : {
                    "object" : "labela_forme-2",
                    "edge" : "top"
                  },
                  "expectedDistance" : ">= 0px",
                  "realDistance" : "49px"
                } ],
                "highlight" : [ "labela_forme-1", "labela_forme-2" ]
              } ]
            }, {
              "name" : "labela_forme-2",
              "specs" : [ {
                "status" : "info",
                "place" : {
                  "filePath" : "mobileUnos.gspec",
                  "lineNumber" : 46
                },
                "name" : "width 150px",
                "meta" : [ {
                  "from" : {
                    "object" : "labela_forme-2",
                    "edge" : "left"
                  },
                  "to" : {
                    "object" : "labela_forme-2",
                    "edge" : "right"
                  },
                  "expectedDistance" : "150px",
                  "realDistance" : "150px"
                } ],
                "highlight" : [ "labela_forme-2" ]
              }, {
                "status" : "info",
                "place" : {
                  "filePath" : "mobileUnos.gspec",
                  "lineNumber" : 47
                },
                "name" : "above labela_forme-3",
                "meta" : [ {
                  "from" : {
                    "object" : "labela_forme-2",
                    "edge" : "bottom"
                  },
                  "to" : {
                    "object" : "labela_forme-3",
                    "edge" : "top"
                  },
                  "expectedDistance" : ">= 0px",
                  "realDistance" : "49px"
                } ],
                "highlight" : [ "labela_forme-2", "labela_forme-3" ]
              } ]
            }, {
              "name" : "labela_forme-3",
              "specs" : [ {
                "status" : "info",
                "place" : {
                  "filePath" : "mobileUnos.gspec",
                  "lineNumber" : 50
                },
                "name" : "width 150px",
                "meta" : [ {
                  "from" : {
                    "object" : "labela_forme-3",
                    "edge" : "left"
                  },
                  "to" : {
                    "object" : "labela_forme-3",
                    "edge" : "right"
                  },
                  "expectedDistance" : "150px",
                  "realDistance" : "150px"
                } ],
                "highlight" : [ "labela_forme-3" ]
              }, {
                "status" : "info",
                "place" : {
                  "filePath" : "mobileUnos.gspec",
                  "lineNumber" : 51
                },
                "name" : "above labela_forme-4",
                "meta" : [ {
                  "from" : {
                    "object" : "labela_forme-3",
                    "edge" : "bottom"
                  },
                  "to" : {
                    "object" : "labela_forme-4",
                    "edge" : "top"
                  },
                  "expectedDistance" : ">= 0px",
                  "realDistance" : "49px"
                } ],
                "highlight" : [ "labela_forme-3", "labela_forme-4" ]
              } ]
            }, {
              "name" : "labela_forme-4",
              "specs" : [ {
                "status" : "info",
                "place" : {
                  "filePath" : "mobileUnos.gspec",
                  "lineNumber" : 54
                },
                "name" : "width 150px",
                "meta" : [ {
                  "from" : {
                    "object" : "labela_forme-4",
                    "edge" : "left"
                  },
                  "to" : {
                    "object" : "labela_forme-4",
                    "edge" : "right"
                  },
                  "expectedDistance" : "150px",
                  "realDistance" : "150px"
                } ],
                "highlight" : [ "labela_forme-4" ]
              }, {
                "status" : "info",
                "place" : {
                  "filePath" : "mobileUnos.gspec",
                  "lineNumber" : 55
                },
                "name" : "below labela_forme-3",
                "meta" : [ {
                  "from" : {
                    "object" : "labela_forme-4",
                    "edge" : "top"
                  },
                  "to" : {
                    "object" : "labela_forme-3",
                    "edge" : "bottom"
                  },
                  "expectedDistance" : ">= 0px",
                  "realDistance" : "49px"
                } ],
                "highlight" : [ "labela_forme-4", "labela_forme-3" ]
              } ]
            } ]
          } ],
          "objects" : {
            "meni" : {
              "area" : [ 0, 60, 587, 178 ]
            },
            "stavka_menija-3" : {
              "area" : [ 255, 177, 34, 18 ]
            },
            "screen" : {
              "area" : [ 0, 0, 587, 682 ]
            },
            "stavka_menija-2" : {
              "area" : [ 255, 159, 27, 18 ]
            },
            "stavka_menija-1" : {
              "area" : [ 255, 140, 50, 18 ]
            },
            "stavka_menija-5" : {
              "area" : [ 255, 214, 41, 18 ]
            },
            "sadrzaj" : {
              "area" : [ 0, 244, 587, 330 ]
            },
            "stavka_menija-4" : {
              "area" : [ 255, 196, 75, 18 ]
            },
            "logo" : {
              "area" : [ 258, 25, 70, 70 ]
            },
            "labela_forme-1" : {
              "area" : [ 29, 262, 150, 18 ]
            },
            "labela_forme-4" : {
              "area" : [ 29, 463, 150, 18 ]
            },
            "labela_forme-2" : {
              "area" : [ 29, 329, 150, 18 ]
            },
            "labela_forme-3" : {
              "area" : [ 29, 396, 150, 18 ]
            }
          },
          "screenshot" : "layout-1-screenshot.png",
          "type" : "layout"
        } ],
        "time" : 1573654747067,
        "type" : "node"
      } ],
      "time" : 1573654736614,
      "type" : "node"
    } ]
  }
}