{
  "testId" : "1-testovi-mobilesale.gspec",
  "name" : "testovi/mobileSale.gspec",
  "report" : {
    "nodes" : [ {
      "name" : "Mutation test",
      "status" : "info",
      "nodes" : [ {
        "name" : "check  testovi/mobileSale.gspec --url http://localhost/sale.html --offset 5 --size 600x434 --htmlreport izvjestaji/MobileSale",
        "status" : "info",
        "nodes" : [ {
          "name" : "Check layout: testovi/mobileSale.gspec included tags: ",
          "status" : "info",
          "time" : 1573605178617,
          "sections" : [ {
            "name" : "Logo section",
            "place" : {
              "filePath" : "testovi/mobileSale.gspec",
              "lineNumber" : 14
            },
            "objects" : [ {
              "name" : "logo",
              "specs" : [ {
                "status" : "info",
                "place" : {
                  "filePath" : "testovi/mobileSale.gspec",
                  "lineNumber" : 16
                },
                "name" : "inside partly meni 159px bottom",
                "meta" : [ {
                  "from" : {
                    "object" : "logo",
                    "edge" : "bottom"
                  },
                  "to" : {
                    "object" : "meni",
                    "edge" : "bottom"
                  },
                  "expectedDistance" : "159px",
                  "realDistance" : "159px"
                } ],
                "highlight" : [ "logo", "meni" ]
              }, {
                "status" : "info",
                "place" : {
                  "filePath" : "testovi/mobileSale.gspec",
                  "lineNumber" : 17
                },
                "name" : "width  80px",
                "meta" : [ {
                  "from" : {
                    "object" : "logo",
                    "edge" : "left"
                  },
                  "to" : {
                    "object" : "logo",
                    "edge" : "right"
                  },
                  "expectedDistance" : "80px",
                  "realDistance" : "80px"
                } ],
                "highlight" : [ "logo" ]
              }, {
                "status" : "info",
                "place" : {
                  "filePath" : "testovi/mobileSale.gspec",
                  "lineNumber" : 18
                },
                "name" : "height 80px",
                "meta" : [ {
                  "from" : {
                    "object" : "logo",
                    "edge" : "top"
                  },
                  "to" : {
                    "object" : "logo",
                    "edge" : "bottom"
                  },
                  "expectedDistance" : "80px",
                  "realDistance" : "80px"
                } ],
                "highlight" : [ "logo" ]
              }, {
                "status" : "info",
                "place" : {
                  "filePath" : "testovi/mobileSale.gspec",
                  "lineNumber" : 19
                },
                "name" : "centered horizontally inside meni",
                "highlight" : [ "logo", "meni" ]
              } ]
            } ]
          }, {
            "name" : "Meni section",
            "place" : {
              "filePath" : "testovi/mobileSale.gspec",
              "lineNumber" : 21
            },
            "objects" : [ {
              "name" : "meni",
              "specs" : [ {
                "status" : "info",
                "place" : {
                  "filePath" : "testovi/mobileSale.gspec",
                  "lineNumber" : 23
                },
                "name" : "above sadrzaj 5 to 25px",
                "meta" : [ {
                  "from" : {
                    "object" : "meni",
                    "edge" : "bottom"
                  },
                  "to" : {
                    "object" : "sadrzaj",
                    "edge" : "top"
                  },
                  "expectedDistance" : "5 to 25px",
                  "realDistance" : "20px"
                } ],
                "highlight" : [ "meni", "sadrzaj" ]
              }, {
                "status" : "info",
                "place" : {
                  "filePath" : "testovi/mobileSale.gspec",
                  "lineNumber" : 24
                },
                "name" : "height 201px",
                "meta" : [ {
                  "from" : {
                    "object" : "meni",
                    "edge" : "top"
                  },
                  "to" : {
                    "object" : "meni",
                    "edge" : "bottom"
                  },
                  "expectedDistance" : "201px",
                  "realDistance" : "201px"
                } ],
                "highlight" : [ "meni" ]
              } ]
            } ]
          }, {
            "name" : "Ul section",
            "place" : {
              "filePath" : "testovi/mobileSale.gspec",
              "lineNumber" : 26
            },
            "objects" : [ {
              "name" : "ul",
              "specs" : [ {
                "status" : "info",
                "place" : {
                  "filePath" : "testovi/mobileSale.gspec",
                  "lineNumber" : 28
                },
                "name" : "inside meni 30 to 60px top, 1 to 5px bottom",
                "meta" : [ {
                  "from" : {
                    "object" : "ul",
                    "edge" : "top"
                  },
                  "to" : {
                    "object" : "meni",
                    "edge" : "top"
                  },
                  "expectedDistance" : "30 to 60px",
                  "realDistance" : "42px"
                }, {
                  "from" : {
                    "object" : "ul",
                    "edge" : "bottom"
                  },
                  "to" : {
                    "object" : "meni",
                    "edge" : "bottom"
                  },
                  "expectedDistance" : "1 to 5px",
                  "realDistance" : "2px"
                } ],
                "highlight" : [ "ul", "meni" ]
              }, {
                "status" : "info",
                "place" : {
                  "filePath" : "testovi/mobileSale.gspec",
                  "lineNumber" : 29
                },
                "name" : "width 90 to 100% of meni/width",
                "meta" : [ {
                  "from" : {
                    "object" : "ul",
                    "edge" : "left"
                  },
                  "to" : {
                    "object" : "ul",
                    "edge" : "right"
                  },
                  "expectedDistance" : "90 to 100% [500 to 556px]",
                  "realDistance" : "99% [551px]"
                } ],
                "highlight" : [ "ul" ]
              }, {
                "status" : "info",
                "place" : {
                  "filePath" : "testovi/mobileSale.gspec",
                  "lineNumber" : 30
                },
                "name" : "centered horizontally inside meni",
                "highlight" : [ "ul", "meni" ]
              }, {
                "status" : "info",
                "place" : {
                  "filePath" : "testovi/mobileSale.gspec",
                  "lineNumber" : 31
                },
                "name" : "height 157px",
                "meta" : [ {
                  "from" : {
                    "object" : "ul",
                    "edge" : "top"
                  },
                  "to" : {
                    "object" : "ul",
                    "edge" : "bottom"
                  },
                  "expectedDistance" : "157px",
                  "realDistance" : "157px"
                } ],
                "highlight" : [ "ul" ]
              } ]
            } ]
          }, {
            "name" : "Li section",
            "place" : {
              "filePath" : "testovi/mobileSale.gspec",
              "lineNumber" : 33
            },
            "objects" : [ {
              "name" : "li",
              "specs" : [ {
                "status" : "info",
                "place" : {
                  "filePath" : "testovi/mobileSale.gspec",
                  "lineNumber" : 35
                },
                "name" : "inside meni",
                "meta" : [ ],
                "highlight" : [ "li", "meni" ]
              }, {
                "status" : "info",
                "place" : {
                  "filePath" : "testovi/mobileSale.gspec",
                  "lineNumber" : 36
                },
                "name" : "aligned vertically all li",
                "highlight" : [ "li", "li" ]
              }, {
                "status" : "info",
                "place" : {
                  "filePath" : "testovi/mobileSale.gspec",
                  "lineNumber" : 37
                },
                "name" : "height 28px",
                "meta" : [ {
                  "from" : {
                    "object" : "li",
                    "edge" : "top"
                  },
                  "to" : {
                    "object" : "li",
                    "edge" : "bottom"
                  },
                  "expectedDistance" : "28px",
                  "realDistance" : "28px"
                } ],
                "highlight" : [ "li" ]
              }, {
                "status" : "info",
                "place" : {
                  "filePath" : "testovi/mobileSale.gspec",
                  "lineNumber" : 38
                },
                "name" : "inside ul 10px top, 119px bottom",
                "meta" : [ {
                  "from" : {
                    "object" : "li",
                    "edge" : "top"
                  },
                  "to" : {
                    "object" : "ul",
                    "edge" : "top"
                  },
                  "expectedDistance" : "10px",
                  "realDistance" : "10px"
                }, {
                  "from" : {
                    "object" : "li",
                    "edge" : "bottom"
                  },
                  "to" : {
                    "object" : "ul",
                    "edge" : "bottom"
                  },
                  "expectedDistance" : "119px",
                  "realDistance" : "119px"
                } ],
                "highlight" : [ "li", "ul" ]
              } ]
            } ]
          }, {
            "name" : "Sadrzaj section",
            "place" : {
              "filePath" : "testovi/mobileSale.gspec",
              "lineNumber" : 41
            },
            "objects" : [ {
              "name" : "sadrzaj",
              "specs" : [ {
                "status" : "info",
                "place" : {
                  "filePath" : "testovi/mobileSale.gspec",
                  "lineNumber" : 43
                },
                "name" : "centered horizontally inside viewport",
                "highlight" : [ "sadrzaj", "viewport" ]
              }, {
                "status" : "info",
                "place" : {
                  "filePath" : "testovi/mobileSale.gspec",
                  "lineNumber" : 44
                },
                "name" : "below meni 20px",
                "meta" : [ {
                  "from" : {
                    "object" : "sadrzaj",
                    "edge" : "top"
                  },
                  "to" : {
                    "object" : "meni",
                    "edge" : "bottom"
                  },
                  "expectedDistance" : "20px",
                  "realDistance" : "20px"
                } ],
                "highlight" : [ "sadrzaj", "meni" ]
              } ]
            } ]
          }, {
            "name" : "TabelaSala section",
            "place" : {
              "filePath" : "testovi/mobileSale.gspec",
              "lineNumber" : 46
            },
            "objects" : [ {
              "name" : "tabelaSala",
              "specs" : [ {
                "status" : "info",
                "place" : {
                  "filePath" : "testovi/mobileSale.gspec",
                  "lineNumber" : 48
                },
                "name" : "inside sadrzaj",
                "meta" : [ ],
                "highlight" : [ "tabelaSala", "sadrzaj" ]
              }, {
                "status" : "info",
                "place" : {
                  "filePath" : "testovi/mobileSale.gspec",
                  "lineNumber" : 49
                },
                "name" : "below meni",
                "meta" : [ {
                  "from" : {
                    "object" : "tabelaSala",
                    "edge" : "top"
                  },
                  "to" : {
                    "object" : "meni",
                    "edge" : "bottom"
                  },
                  "expectedDistance" : ">= 0px",
                  "realDistance" : "28px"
                } ],
                "highlight" : [ "tabelaSala", "meni" ]
              }, {
                "status" : "info",
                "place" : {
                  "filePath" : "testovi/mobileSale.gspec",
                  "lineNumber" : 50
                },
                "name" : "centered all inside sadrzaj",
                "highlight" : [ "tabelaSala", "sadrzaj" ]
              }, {
                "status" : "info",
                "place" : {
                  "filePath" : "testovi/mobileSale.gspec",
                  "lineNumber" : 51
                },
                "name" : "contains sala",
                "highlight" : [ "tabelaSala", "sala" ]
              } ]
            } ]
          }, {
            "name" : "HeaderSprat section",
            "place" : {
              "filePath" : "testovi/mobileSale.gspec",
              "lineNumber" : 53
            },
            "objects" : [ {
              "name" : "headerSprat",
              "specs" : [ {
                "status" : "info",
                "place" : {
                  "filePath" : "testovi/mobileSale.gspec",
                  "lineNumber" : 55
                },
                "name" : "absent",
                "highlight" : [ ]
              } ]
            } ]
          }, {
            "name" : "Td.headerSprat section",
            "place" : {
              "filePath" : "testovi/mobileSale.gspec",
              "lineNumber" : 57
            },
            "objects" : [ {
              "name" : "td.headerSprat",
              "specs" : [ {
                "status" : "info",
                "place" : {
                  "filePath" : "testovi/mobileSale.gspec",
                  "lineNumber" : 59
                },
                "name" : "absent",
                "highlight" : [ ]
              } ]
            } ]
          }, {
            "name" : "HeaderRedni section",
            "place" : {
              "filePath" : "testovi/mobileSale.gspec",
              "lineNumber" : 61
            },
            "objects" : [ {
              "name" : "headerRedni",
              "specs" : [ {
                "status" : "info",
                "place" : {
                  "filePath" : "testovi/mobileSale.gspec",
                  "lineNumber" : 63
                },
                "name" : "absent",
                "highlight" : [ ]
              } ]
            } ]
          }, {
            "name" : "Td.headerRedni section",
            "place" : {
              "filePath" : "testovi/mobileSale.gspec",
              "lineNumber" : 65
            },
            "objects" : [ {
              "name" : "td.headerRedni",
              "specs" : [ {
                "status" : "info",
                "place" : {
                  "filePath" : "testovi/mobileSale.gspec",
                  "lineNumber" : 67
                },
                "name" : "absent",
                "highlight" : [ ]
              } ]
            } ]
          }, {
            "name" : "Sala section",
            "place" : {
              "filePath" : "testovi/mobileSale.gspec",
              "lineNumber" : 69
            },
            "objects" : [ {
              "name" : "sala",
              "specs" : [ {
                "status" : "info",
                "place" : {
                  "filePath" : "testovi/mobileSale.gspec",
                  "lineNumber" : 71
                },
                "name" : "inside tabelaSala",
                "meta" : [ ],
                "highlight" : [ "sala", "tabelaSala" ]
              }, {
                "status" : "info",
                "place" : {
                  "filePath" : "testovi/mobileSale.gspec",
                  "lineNumber" : 72
                },
                "name" : "height 72px",
                "meta" : [ {
                  "from" : {
                    "object" : "sala",
                    "edge" : "top"
                  },
                  "to" : {
                    "object" : "sala",
                    "edge" : "bottom"
                  },
                  "expectedDistance" : "72px",
                  "realDistance" : "72px"
                } ],
                "highlight" : [ "sala" ]
              }, {
                "status" : "info",
                "place" : {
                  "filePath" : "testovi/mobileSale.gspec",
                  "lineNumber" : 73
                },
                "name" : "width 42px",
                "meta" : [ {
                  "from" : {
                    "object" : "sala",
                    "edge" : "left"
                  },
                  "to" : {
                    "object" : "sala",
                    "edge" : "right"
                  },
                  "expectedDistance" : "42px",
                  "realDistance" : "42px"
                } ],
                "highlight" : [ "sala" ]
              } ]
            } ]
          } ],
          "objects" : {
            "meni" : {
              "area" : [ 8, 50, 556, 201 ]
            },
            "viewport" : {
              "area" : [ 0, 0, 572, 354 ]
            },
            "sala" : {
              "area" : [ 179, 280, 42, 72 ]
            },
            "ul" : {
              "area" : [ 10, 92, 551, 157 ]
            },
            "logo" : {
              "area" : [ 246, 12, 80, 80 ]
            },
            "li" : {
              "area" : [ 24, 102, 523, 28 ]
            },
            "sadrzaj" : {
              "area" : [ 8, 271, 556, 666 ]
            },
            "tabelaSala" : {
              "area" : [ 178, 279, 214, 650 ]
            }
          },
          "screenshot" : "layout-1-screenshot.png",
          "type" : "layout"
        }, {
          "name" : "Mutation testing: testovi/mobileSale.gspec included tags: ",
          "status" : "error",
          "time" : 1573605178617,
          "mutationReport" : {
            "objectMutationStatistics" : {
              "meni" : {
                "passed" : 10,
                "failed" : 0,
                "failedMutations" : [ ]
              },
              "td.headerRedni" : {
                "passed" : 0,
                "failed" : 10,
                "failedMutations" : [ "td.headerRedni: drag left by 5px", "td.headerRedni: drag right by 5px", "td.headerRedni: drag top by 5px", "td.headerRedni: drag down by 5px", "td.headerRedni: increase width by 5px", "td.headerRedni: decrease width by 5px", "td.headerRedni: increase height by 5px", "td.headerRedni: decrease height by 5px", "td.headerRedni: move left edge right by 5px", "td.headerRedni: move top edge down by 5px" ]
              },
              "headerSprat" : {
                "passed" : 0,
                "failed" : 10,
                "failedMutations" : [ "headerSprat: drag left by 5px", "headerSprat: drag right by 5px", "headerSprat: drag top by 5px", "headerSprat: drag down by 5px", "headerSprat: increase width by 5px", "headerSprat: decrease width by 5px", "headerSprat: increase height by 5px", "headerSprat: decrease height by 5px", "headerSprat: move left edge right by 5px", "headerSprat: move top edge down by 5px" ]
              },
              "sala" : {
                "passed" : 8,
                "failed" : 2,
                "failedMutations" : [ "sala: drag right by 5px", "sala: drag down by 5px" ]
              },
              "ul" : {
                "passed" : 10,
                "failed" : 0,
                "failedMutations" : [ ]
              },
              "logo" : {
                "passed" : 10,
                "failed" : 0,
                "failedMutations" : [ ]
              },
              "headerRedni" : {
                "passed" : 0,
                "failed" : 10,
                "failedMutations" : [ "headerRedni: drag left by 5px", "headerRedni: drag right by 5px", "headerRedni: drag top by 5px", "headerRedni: drag down by 5px", "headerRedni: increase width by 5px", "headerRedni: decrease width by 5px", "headerRedni: increase height by 5px", "headerRedni: decrease height by 5px", "headerRedni: move left edge right by 5px", "headerRedni: move top edge down by 5px" ]
              },
              "li" : {
                "passed" : 5,
                "failed" : 5,
                "failedMutations" : [ "li: drag left by 5px", "li: drag right by 5px", "li: increase width by 5px", "li: decrease width by 5px", "li: move left edge right by 5px" ]
              },
              "sadrzaj" : {
                "passed" : 10,
                "failed" : 0,
                "failedMutations" : [ ]
              },
              "td.headerSprat" : {
                "passed" : 0,
                "failed" : 10,
                "failedMutations" : [ "td.headerSprat: drag left by 5px", "td.headerSprat: drag right by 5px", "td.headerSprat: drag top by 5px", "td.headerSprat: drag down by 5px", "td.headerSprat: increase width by 5px", "td.headerSprat: decrease width by 5px", "td.headerSprat: increase height by 5px", "td.headerSprat: decrease height by 5px", "td.headerSprat: move left edge right by 5px", "td.headerSprat: move top edge down by 5px" ]
              },
              "tabelaSala" : {
                "passed" : 10,
                "failed" : 0,
                "failedMutations" : [ ]
              }
            },
            "totalPassed" : 63,
            "totalFailed" : 47,
            "failedRatio" : 42.72727272727273,
            "totalMutations" : 110
          },
          "type" : "mutation"
        } ],
        "time" : 1573605175683,
        "type" : "node"
      } ],
      "time" : 1573605171627,
      "type" : "node"
    } ]
  }
}