{
  "testId" : "1-mobilepocetna.gspec",
  "name" : "mobilePocetna.gspec",
  "report" : {
    "nodes" : [ {
      "name" : "Simple check",
      "status" : "info",
      "nodes" : [ {
        "name" : "check  mobilePocetna.gspec --url http://localhost:8080/pocetna.html --size 599x599 --htmlreport izvjestajiMobilePocetna",
        "status" : "info",
        "nodes" : [ {
          "name" : "Check layout: mobilePocetna.gspec included tags: ",
          "status" : "info",
          "time" : 1573606975760,
          "sections" : [ {
            "name" : "Logo",
            "place" : {
              "filePath" : "mobilePocetna.gspec",
              "lineNumber" : 11
            },
            "objects" : [ {
              "name" : "logo",
              "specs" : [ {
                "status" : "info",
                "place" : {
                  "filePath" : "mobilePocetna.gspec",
                  "lineNumber" : 13
                },
                "name" : "aligned vertically centered logo",
                "highlight" : [ "logo", "logo" ]
              }, {
                "status" : "info",
                "place" : {
                  "filePath" : "mobilePocetna.gspec",
                  "lineNumber" : 14
                },
                "name" : "above meniLista -25px",
                "meta" : [ {
                  "from" : {
                    "object" : "logo",
                    "edge" : "bottom"
                  },
                  "to" : {
                    "object" : "meniLista",
                    "edge" : "top"
                  },
                  "expectedDistance" : "-25px",
                  "realDistance" : "-25px"
                } ],
                "highlight" : [ "logo", "meniLista" ]
              }, {
                "status" : "info",
                "place" : {
                  "filePath" : "mobilePocetna.gspec",
                  "lineNumber" : 15
                },
                "name" : "css position is \"absolute\"",
                "highlight" : [ "logo" ]
              }, {
                "status" : "info",
                "place" : {
                  "filePath" : "mobilePocetna.gspec",
                  "lineNumber" : 16
                },
                "name" : "css top is \"0px\"",
                "highlight" : [ "logo" ]
              } ]
            } ]
          }, {
            "name" : "Meni",
            "place" : {
              "filePath" : "mobilePocetna.gspec",
              "lineNumber" : 19
            },
            "objects" : [ {
              "name" : "meniLista",
              "specs" : [ {
                "status" : "info",
                "place" : {
                  "filePath" : "mobilePocetna.gspec",
                  "lineNumber" : 21
                },
                "name" : "inside meni 0px top",
                "meta" : [ {
                  "from" : {
                    "object" : "meniLista",
                    "edge" : "top"
                  },
                  "to" : {
                    "object" : "meni",
                    "edge" : "top"
                  },
                  "expectedDistance" : "0px",
                  "realDistance" : "0px"
                } ],
                "highlight" : [ "meniLista", "meni" ]
              }, {
                "status" : "info",
                "place" : {
                  "filePath" : "mobilePocetna.gspec",
                  "lineNumber" : 22
                },
                "name" : "aligned vertically centered meniLista",
                "highlight" : [ "meniLista", "meniLista" ]
              }, {
                "status" : "info",
                "place" : {
                  "filePath" : "mobilePocetna.gspec",
                  "lineNumber" : 23
                },
                "name" : "below logo -25px",
                "meta" : [ {
                  "from" : {
                    "object" : "meniLista",
                    "edge" : "top"
                  },
                  "to" : {
                    "object" : "logo",
                    "edge" : "bottom"
                  },
                  "expectedDistance" : "-25px",
                  "realDistance" : "-25px"
                } ],
                "highlight" : [ "meniLista", "logo" ]
              }, {
                "status" : "info",
                "place" : {
                  "filePath" : "mobilePocetna.gspec",
                  "lineNumber" : 24
                },
                "name" : "css display is \"block\"",
                "highlight" : [ "meniLista" ]
              }, {
                "status" : "info",
                "place" : {
                  "filePath" : "mobilePocetna.gspec",
                  "lineNumber" : 25
                },
                "name" : "css position is \"relative\"",
                "highlight" : [ "meniLista" ]
              }, {
                "status" : "info",
                "place" : {
                  "filePath" : "mobilePocetna.gspec",
                  "lineNumber" : 26
                },
                "name" : "css text-align is \"center\"",
                "highlight" : [ "meniLista" ]
              }, {
                "status" : "info",
                "place" : {
                  "filePath" : "mobilePocetna.gspec",
                  "lineNumber" : 27
                },
                "name" : "css top is \"0px\"",
                "highlight" : [ "meniLista" ]
              } ]
            }, {
              "name" : "meni",
              "specs" : [ {
                "status" : "info",
                "place" : {
                  "filePath" : "mobilePocetna.gspec",
                  "lineNumber" : 30
                },
                "name" : "css background-color is \"rgb(65, 105, 225)\"",
                "highlight" : [ "meni" ]
              }, {
                "status" : "info",
                "place" : {
                  "filePath" : "mobilePocetna.gspec",
                  "lineNumber" : 31
                },
                "name" : "height 100px",
                "meta" : [ {
                  "from" : {
                    "object" : "meni",
                    "edge" : "top"
                  },
                  "to" : {
                    "object" : "meni",
                    "edge" : "bottom"
                  },
                  "expectedDistance" : "100px",
                  "realDistance" : "100px"
                } ],
                "highlight" : [ "meni" ]
              }, {
                "status" : "info",
                "place" : {
                  "filePath" : "mobilePocetna.gspec",
                  "lineNumber" : 32
                },
                "name" : "width 600px",
                "meta" : [ {
                  "from" : {
                    "object" : "meni",
                    "edge" : "left"
                  },
                  "to" : {
                    "object" : "meni",
                    "edge" : "right"
                  },
                  "expectedDistance" : "600px",
                  "realDistance" : "600px"
                } ],
                "highlight" : [ "meni" ]
              }, {
                "status" : "info",
                "place" : {
                  "filePath" : "mobilePocetna.gspec",
                  "lineNumber" : 33
                },
                "name" : "aligned vertically centered meni",
                "highlight" : [ "meni", "meni" ]
              }, {
                "status" : "info",
                "place" : {
                  "filePath" : "mobilePocetna.gspec",
                  "lineNumber" : 34
                },
                "name" : "css margin-left is \"0px\"",
                "highlight" : [ "meni" ]
              }, {
                "status" : "info",
                "place" : {
                  "filePath" : "mobilePocetna.gspec",
                  "lineNumber" : 35
                },
                "name" : "css margin-right is \"0px\"",
                "highlight" : [ "meni" ]
              }, {
                "status" : "info",
                "place" : {
                  "filePath" : "mobilePocetna.gspec",
                  "lineNumber" : 36
                },
                "name" : "css position is \"relative\"",
                "highlight" : [ "meni" ]
              }, {
                "status" : "info",
                "place" : {
                  "filePath" : "mobilePocetna.gspec",
                  "lineNumber" : 37
                },
                "name" : "css top is \"25px\"",
                "highlight" : [ "meni" ]
              } ]
            } ]
          }, {
            "name" : "Sadrzaj",
            "place" : {
              "filePath" : "mobilePocetna.gspec",
              "lineNumber" : 39
            },
            "objects" : [ {
              "name" : "sadrzaj",
              "specs" : [ {
                "status" : "info",
                "place" : {
                  "filePath" : "mobilePocetna.gspec",
                  "lineNumber" : 41
                },
                "name" : "aligned vertically centered sadrzaj",
                "highlight" : [ "sadrzaj", "sadrzaj" ]
              }, {
                "status" : "info",
                "place" : {
                  "filePath" : "mobilePocetna.gspec",
                  "lineNumber" : 42
                },
                "name" : "height 2200px",
                "meta" : [ {
                  "from" : {
                    "object" : "sadrzaj",
                    "edge" : "top"
                  },
                  "to" : {
                    "object" : "sadrzaj",
                    "edge" : "bottom"
                  },
                  "expectedDistance" : "2200px",
                  "realDistance" : "2200px"
                } ],
                "highlight" : [ "sadrzaj" ]
              }, {
                "status" : "info",
                "place" : {
                  "filePath" : "mobilePocetna.gspec",
                  "lineNumber" : 43
                },
                "name" : "width 600px",
                "meta" : [ {
                  "from" : {
                    "object" : "sadrzaj",
                    "edge" : "left"
                  },
                  "to" : {
                    "object" : "sadrzaj",
                    "edge" : "right"
                  },
                  "expectedDistance" : "600px",
                  "realDistance" : "600px"
                } ],
                "highlight" : [ "sadrzaj" ]
              }, {
                "status" : "info",
                "place" : {
                  "filePath" : "mobilePocetna.gspec",
                  "lineNumber" : 44
                },
                "name" : "css background-color is \"rgb(65, 105, 225)\"",
                "highlight" : [ "sadrzaj" ]
              }, {
                "status" : "info",
                "place" : {
                  "filePath" : "mobilePocetna.gspec",
                  "lineNumber" : 45
                },
                "name" : "css border-collapse is \"separate\"",
                "highlight" : [ "sadrzaj" ]
              }, {
                "status" : "info",
                "place" : {
                  "filePath" : "mobilePocetna.gspec",
                  "lineNumber" : 46
                },
                "name" : "css text-align is \"center\"",
                "highlight" : [ "sadrzaj" ]
              }, {
                "status" : "info",
                "place" : {
                  "filePath" : "mobilePocetna.gspec",
                  "lineNumber" : 47
                },
                "name" : "css position is \"relative\"",
                "highlight" : [ "sadrzaj" ]
              }, {
                "status" : "info",
                "place" : {
                  "filePath" : "mobilePocetna.gspec",
                  "lineNumber" : 48
                },
                "name" : "css margin-top is \"30px\"",
                "highlight" : [ "sadrzaj" ]
              }, {
                "status" : "info",
                "place" : {
                  "filePath" : "mobilePocetna.gspec",
                  "lineNumber" : 49
                },
                "name" : "css top is \"0px\"",
                "highlight" : [ "sadrzaj" ]
              }, {
                "status" : "info",
                "place" : {
                  "filePath" : "mobilePocetna.gspec",
                  "lineNumber" : 50
                },
                "name" : "css margin-left is \"0px\"",
                "highlight" : [ "sadrzaj" ]
              }, {
                "status" : "info",
                "place" : {
                  "filePath" : "mobilePocetna.gspec",
                  "lineNumber" : 51
                },
                "name" : "css margin-right is \"0px\"",
                "highlight" : [ "sadrzaj" ]
              } ]
            }, {
              "name" : "slike",
              "specs" : [ {
                "status" : "info",
                "place" : {
                  "filePath" : "mobilePocetna.gspec",
                  "lineNumber" : 53
                },
                "name" : "width 200px",
                "meta" : [ {
                  "from" : {
                    "object" : "slike",
                    "edge" : "left"
                  },
                  "to" : {
                    "object" : "slike",
                    "edge" : "right"
                  },
                  "expectedDistance" : "200px",
                  "realDistance" : "200px"
                } ],
                "highlight" : [ "slike" ]
              }, {
                "status" : "info",
                "place" : {
                  "filePath" : "mobilePocetna.gspec",
                  "lineNumber" : 54
                },
                "name" : "height 150px",
                "meta" : [ {
                  "from" : {
                    "object" : "slike",
                    "edge" : "top"
                  },
                  "to" : {
                    "object" : "slike",
                    "edge" : "bottom"
                  },
                  "expectedDistance" : "150px",
                  "realDistance" : "150px"
                } ],
                "highlight" : [ "slike" ]
              }, {
                "status" : "info",
                "place" : {
                  "filePath" : "mobilePocetna.gspec",
                  "lineNumber" : 55
                },
                "name" : "inside sadrzaj",
                "meta" : [ ],
                "highlight" : [ "slike", "sadrzaj" ]
              }, {
                "status" : "info",
                "place" : {
                  "filePath" : "mobilePocetna.gspec",
                  "lineNumber" : 56
                },
                "name" : "aligned vertically centered slike",
                "highlight" : [ "slike", "slike" ]
              } ]
            }, {
              "name" : "elementi",
              "specs" : [ {
                "status" : "info",
                "place" : {
                  "filePath" : "mobilePocetna.gspec",
                  "lineNumber" : 58
                },
                "name" : "inside sadrzaj",
                "meta" : [ ],
                "highlight" : [ "elementi", "sadrzaj" ]
              }, {
                "status" : "info",
                "place" : {
                  "filePath" : "mobilePocetna.gspec",
                  "lineNumber" : 59
                },
                "name" : "aligned vertically centered elementi",
                "highlight" : [ "elementi", "elementi" ]
              }, {
                "status" : "info",
                "place" : {
                  "filePath" : "mobilePocetna.gspec",
                  "lineNumber" : 60
                },
                "name" : "css display is \"grid\"",
                "highlight" : [ "elementi" ]
              }, {
                "status" : "info",
                "place" : {
                  "filePath" : "mobilePocetna.gspec",
                  "lineNumber" : 61
                },
                "name" : "css align-items is \"center\"",
                "highlight" : [ "elementi" ]
              } ]
            }, {
              "name" : "grid-box",
              "specs" : [ {
                "status" : "info",
                "place" : {
                  "filePath" : "mobilePocetna.gspec",
                  "lineNumber" : 63
                },
                "name" : "inside elementi",
                "meta" : [ ],
                "highlight" : [ "grid-box", "elementi" ]
              }, {
                "status" : "info",
                "place" : {
                  "filePath" : "mobilePocetna.gspec",
                  "lineNumber" : 64
                },
                "name" : "inside sadrzaj",
                "meta" : [ ],
                "highlight" : [ "grid-box", "sadrzaj" ]
              } ]
            } ]
          } ],
          "objects" : {
            "meni" : {
              "area" : [ 0, 41, 600, 100 ]
            },
            "meniLista" : {
              "area" : [ 40, 41, 84, 18 ]
            },
            "grid-box" : {
              "area" : [ 20, 166, 240, 164 ]
            },
            "logo" : {
              "area" : [ 288, 16, 90, 50 ]
            },
            "slike" : {
              "area" : [ 40, 171, 200, 150 ]
            },
            "elementi" : {
              "area" : [ 0, 146, 600, 1824 ]
            },
            "sadrzaj" : {
              "area" : [ 0, 146, 600, 2200 ]
            }
          },
          "screenshot" : "layout-1-screenshot.png",
          "type" : "layout"
        } ],
        "time" : 1573606971323,
        "type" : "node"
      } ],
      "time" : 1573606965326,
      "type" : "node"
    } ]
  }
}