{
  "testId" : "1-mobilesale.gspec",
  "name" : "mobileSale.gspec",
  "report" : {
    "nodes" : [ {
      "name" : "Simple check",
      "status" : "info",
      "nodes" : [ {
        "name" : "check  mobileSale.gspec --url http://localhost:8080/sale.html --size 600x600 --htmlreport izvjestaji_mobileSale",
        "status" : "info",
        "nodes" : [ {
          "name" : "Check layout: mobileSale.gspec included tags: ",
          "status" : "info",
          "time" : 1573512760331,
          "sections" : [ {
            "name" : "Header section",
            "place" : {
              "filePath" : "mobileSale.gspec",
              "lineNumber" : 12
            },
            "objects" : [ {
              "name" : "screen",
              "specs" : [ {
                "status" : "info",
                "place" : {
                  "filePath" : "mobileSale.gspec",
                  "lineNumber" : 15
                },
                "name" : "width < 601px",
                "meta" : [ {
                  "from" : {
                    "object" : "screen",
                    "edge" : "left"
                  },
                  "to" : {
                    "object" : "screen",
                    "edge" : "right"
                  },
                  "expectedDistance" : "< 601px",
                  "realDistance" : "571px"
                } ],
                "highlight" : [ "screen" ]
              } ]
            }, {
              "name" : "meni",
              "specs" : [ {
                "status" : "info",
                "place" : {
                  "filePath" : "mobileSale.gspec",
                  "lineNumber" : 17
                },
                "name" : "near li -120 to 120px top",
                "meta" : [ {
                  "from" : {
                    "object" : "meni",
                    "edge" : "bottom"
                  },
                  "to" : {
                    "object" : "li",
                    "edge" : "top"
                  },
                  "expectedDistance" : "-120 to 120px",
                  "realDistance" : "-95px"
                } ],
                "highlight" : [ "meni", "li" ]
              }, {
                "status" : "info",
                "place" : {
                  "filePath" : "mobileSale.gspec",
                  "lineNumber" : 18
                },
                "name" : "css text-align is \"center\"",
                "highlight" : [ "meni" ]
              }, {
                "status" : "info",
                "place" : {
                  "filePath" : "mobileSale.gspec",
                  "lineNumber" : 19
                },
                "name" : "width 95 to 100 % of screen/width",
                "meta" : [ {
                  "from" : {
                    "object" : "meni",
                    "edge" : "left"
                  },
                  "to" : {
                    "object" : "meni",
                    "edge" : "right"
                  },
                  "expectedDistance" : "95 to 100% [542 to 571px]",
                  "realDistance" : "97% [555px]"
                } ],
                "highlight" : [ "meni" ]
              } ]
            }, {
              "name" : "logo",
              "specs" : [ {
                "status" : "info",
                "place" : {
                  "filePath" : "mobileSale.gspec",
                  "lineNumber" : 21
                },
                "name" : "near meni -50 to 50px top",
                "meta" : [ {
                  "from" : {
                    "object" : "logo",
                    "edge" : "bottom"
                  },
                  "to" : {
                    "object" : "meni",
                    "edge" : "top"
                  },
                  "expectedDistance" : "-50 to 50px",
                  "realDistance" : "-36px"
                } ],
                "highlight" : [ "logo", "meni" ]
              }, {
                "status" : "info",
                "place" : {
                  "filePath" : "mobileSale.gspec",
                  "lineNumber" : 22
                },
                "name" : "css position is \"absolute\"",
                "highlight" : [ "logo" ]
              } ]
            }, {
              "name" : "li",
              "specs" : [ {
                "status" : "info",
                "place" : {
                  "filePath" : "mobileSale.gspec",
                  "lineNumber" : 24
                },
                "name" : "css display is \"inline\"",
                "highlight" : [ "li" ]
              } ]
            }, {
              "name" : "lista-stavka-1",
              "specs" : [ {
                "status" : "info",
                "place" : {
                  "filePath" : "mobileSale.gspec",
                  "lineNumber" : 26
                },
                "name" : "text contains \"Početna\"",
                "highlight" : [ "lista-stavka-1" ]
              } ]
            }, {
              "name" : "lista-stavka-2",
              "specs" : [ {
                "status" : "info",
                "place" : {
                  "filePath" : "mobileSale.gspec",
                  "lineNumber" : 28
                },
                "name" : "text contains \"Sale\"",
                "highlight" : [ "lista-stavka-2" ]
              }, {
                "status" : "info",
                "place" : {
                  "filePath" : "mobileSale.gspec",
                  "lineNumber" : 29
                },
                "name" : "below lista-stavka-1 -20 to 10px",
                "meta" : [ {
                  "from" : {
                    "object" : "lista-stavka-2",
                    "edge" : "top"
                  },
                  "to" : {
                    "object" : "lista-stavka-1",
                    "edge" : "bottom"
                  },
                  "expectedDistance" : "-20 to 10px",
                  "realDistance" : "0px"
                } ],
                "highlight" : [ "lista-stavka-2", "lista-stavka-1" ]
              }, {
                "status" : "info",
                "place" : {
                  "filePath" : "mobileSale.gspec",
                  "lineNumber" : 30
                },
                "name" : "css text-decoration-line is \"none\"",
                "highlight" : [ "lista-stavka-2" ]
              } ]
            }, {
              "name" : "lista-stavka-3",
              "specs" : [ {
                "status" : "info",
                "place" : {
                  "filePath" : "mobileSale.gspec",
                  "lineNumber" : 32
                },
                "name" : "text contains \"Unos\"",
                "highlight" : [ "lista-stavka-3" ]
              }, {
                "status" : "info",
                "place" : {
                  "filePath" : "mobileSale.gspec",
                  "lineNumber" : 33
                },
                "name" : "below lista-stavka-2 -20 to 10px",
                "meta" : [ {
                  "from" : {
                    "object" : "lista-stavka-3",
                    "edge" : "top"
                  },
                  "to" : {
                    "object" : "lista-stavka-2",
                    "edge" : "bottom"
                  },
                  "expectedDistance" : "-20 to 10px",
                  "realDistance" : "0px"
                } ],
                "highlight" : [ "lista-stavka-3", "lista-stavka-2" ]
              } ]
            }, {
              "name" : "lista-stavka-4",
              "specs" : [ {
                "status" : "info",
                "place" : {
                  "filePath" : "mobileSale.gspec",
                  "lineNumber" : 35
                },
                "name" : "text contains \"Rezervacije\"",
                "highlight" : [ "lista-stavka-4" ]
              }, {
                "status" : "info",
                "place" : {
                  "filePath" : "mobileSale.gspec",
                  "lineNumber" : 36
                },
                "name" : "below lista-stavka-3 -20 to 10px",
                "meta" : [ {
                  "from" : {
                    "object" : "lista-stavka-4",
                    "edge" : "top"
                  },
                  "to" : {
                    "object" : "lista-stavka-3",
                    "edge" : "bottom"
                  },
                  "expectedDistance" : "-20 to 10px",
                  "realDistance" : "0px"
                } ],
                "highlight" : [ "lista-stavka-4", "lista-stavka-3" ]
              } ]
            }, {
              "name" : "lista-stavka-5",
              "specs" : [ {
                "status" : "info",
                "place" : {
                  "filePath" : "mobileSale.gspec",
                  "lineNumber" : 38
                },
                "name" : "text contains \"Osobe\"",
                "highlight" : [ "lista-stavka-5" ]
              }, {
                "status" : "info",
                "place" : {
                  "filePath" : "mobileSale.gspec",
                  "lineNumber" : 39
                },
                "name" : "below lista-stavka-5 -20 to 10px",
                "meta" : [ {
                  "from" : {
                    "object" : "lista-stavka-5",
                    "edge" : "top"
                  },
                  "to" : {
                    "object" : "lista-stavka-5",
                    "edge" : "bottom"
                  },
                  "expectedDistance" : "-20 to 10px",
                  "realDistance" : "-18px"
                } ],
                "highlight" : [ "lista-stavka-5", "lista-stavka-5" ]
              } ]
            } ]
          }, {
            "name" : "Main section",
            "place" : {
              "filePath" : "mobileSale.gspec",
              "lineNumber" : 41
            },
            "objects" : [ {
              "name" : "sadrzaj",
              "specs" : [ {
                "status" : "info",
                "place" : {
                  "filePath" : "mobileSale.gspec",
                  "lineNumber" : 43
                },
                "name" : "contains sala",
                "highlight" : [ "sadrzaj", "sala" ]
              }, {
                "status" : "info",
                "place" : {
                  "filePath" : "mobileSale.gspec",
                  "lineNumber" : 44
                },
                "name" : "css background-color is \"rgb(82, 158, 241)\"",
                "highlight" : [ "sadrzaj" ]
              }, {
                "status" : "info",
                "place" : {
                  "filePath" : "mobileSale.gspec",
                  "lineNumber" : 45
                },
                "name" : "below meni -35 to 35px",
                "meta" : [ {
                  "from" : {
                    "object" : "sadrzaj",
                    "edge" : "top"
                  },
                  "to" : {
                    "object" : "meni",
                    "edge" : "bottom"
                  },
                  "expectedDistance" : "-35 to 35px",
                  "realDistance" : "11px"
                } ],
                "highlight" : [ "sadrzaj", "meni" ]
              } ]
            } ]
          } ],
          "objects" : {
            "meni" : {
              "area" : [ 8, 50, 555, 135 ]
            },
            "lista-stavka-2" : {
              "area" : [ 48, 108, 515, 18 ]
            },
            "lista-stavka-1" : {
              "area" : [ 48, 90, 515, 18 ]
            },
            "lista-stavka-4" : {
              "area" : [ 48, 144, 515, 18 ]
            },
            "lista-stavka-3" : {
              "area" : [ 48, 126, 515, 18 ]
            },
            "sala" : {
              "area" : [ 200, 206, 171, 321 ]
            },
            "lista-stavka-5" : {
              "area" : [ 48, 162, 515, 18 ]
            },
            "screen" : {
              "area" : [ 0, 0, 571, 546 ]
            },
            "logo" : {
              "area" : [ 285, 19, 60, 67 ]
            },
            "li" : {
              "area" : [ 48, 90, 515, 18 ]
            },
            "sadrzaj" : {
              "area" : [ 8, 196, 555, 341 ]
            }
          },
          "screenshot" : "layout-1-screenshot.png",
          "type" : "layout"
        } ],
        "time" : 1573512757829,
        "type" : "node"
      } ],
      "time" : 1573512752504,
      "type" : "node"
    } ]
  }
}