{
  "testId" : "1-testovi-mobilepocetna.gspec",
  "name" : "testovi/mobilePocetna.gspec",
  "report" : {
    "nodes" : [ {
      "name" : "Mutation test",
      "status" : "info",
      "nodes" : [ {
        "name" : "check  testovi/mobilePocetna.gspec --url http://localhost/pocetna.html --offset 5 --size 600x434 --htmlreport izvjestaji/MobilePocetna",
        "status" : "info",
        "nodes" : [ {
          "name" : "Check layout: testovi/mobilePocetna.gspec included tags: ",
          "status" : "info",
          "time" : 1573604818550,
          "sections" : [ {
            "name" : "Logo section",
            "place" : {
              "filePath" : "testovi/mobilePocetna.gspec",
              "lineNumber" : 10
            },
            "objects" : [ {
              "name" : "logo",
              "specs" : [ {
                "status" : "info",
                "place" : {
                  "filePath" : "testovi/mobilePocetna.gspec",
                  "lineNumber" : 12
                },
                "name" : "inside partly meni 159px bottom",
                "meta" : [ {
                  "from" : {
                    "object" : "logo",
                    "edge" : "bottom"
                  },
                  "to" : {
                    "object" : "meni",
                    "edge" : "bottom"
                  },
                  "expectedDistance" : "159px",
                  "realDistance" : "159px"
                } ],
                "highlight" : [ "logo", "meni" ]
              }, {
                "status" : "info",
                "place" : {
                  "filePath" : "testovi/mobilePocetna.gspec",
                  "lineNumber" : 13
                },
                "name" : "width  80px",
                "meta" : [ {
                  "from" : {
                    "object" : "logo",
                    "edge" : "left"
                  },
                  "to" : {
                    "object" : "logo",
                    "edge" : "right"
                  },
                  "expectedDistance" : "80px",
                  "realDistance" : "80px"
                } ],
                "highlight" : [ "logo" ]
              }, {
                "status" : "info",
                "place" : {
                  "filePath" : "testovi/mobilePocetna.gspec",
                  "lineNumber" : 14
                },
                "name" : "height 80px",
                "meta" : [ {
                  "from" : {
                    "object" : "logo",
                    "edge" : "top"
                  },
                  "to" : {
                    "object" : "logo",
                    "edge" : "bottom"
                  },
                  "expectedDistance" : "80px",
                  "realDistance" : "80px"
                } ],
                "highlight" : [ "logo" ]
              }, {
                "status" : "info",
                "place" : {
                  "filePath" : "testovi/mobilePocetna.gspec",
                  "lineNumber" : 15
                },
                "name" : "centered horizontally inside meni",
                "highlight" : [ "logo", "meni" ]
              } ]
            } ]
          }, {
            "name" : "Meni section",
            "place" : {
              "filePath" : "testovi/mobilePocetna.gspec",
              "lineNumber" : 17
            },
            "objects" : [ {
              "name" : "meni",
              "specs" : [ {
                "status" : "info",
                "place" : {
                  "filePath" : "testovi/mobilePocetna.gspec",
                  "lineNumber" : 19
                },
                "name" : "above sadrzaj 5 to 25px",
                "meta" : [ {
                  "from" : {
                    "object" : "meni",
                    "edge" : "bottom"
                  },
                  "to" : {
                    "object" : "sadrzaj",
                    "edge" : "top"
                  },
                  "expectedDistance" : "5 to 25px",
                  "realDistance" : "20px"
                } ],
                "highlight" : [ "meni", "sadrzaj" ]
              }, {
                "status" : "info",
                "place" : {
                  "filePath" : "testovi/mobilePocetna.gspec",
                  "lineNumber" : 20
                },
                "name" : "height 201px",
                "meta" : [ {
                  "from" : {
                    "object" : "meni",
                    "edge" : "top"
                  },
                  "to" : {
                    "object" : "meni",
                    "edge" : "bottom"
                  },
                  "expectedDistance" : "201px",
                  "realDistance" : "201px"
                } ],
                "highlight" : [ "meni" ]
              } ]
            } ]
          }, {
            "name" : "Ul section",
            "place" : {
              "filePath" : "testovi/mobilePocetna.gspec",
              "lineNumber" : 22
            },
            "objects" : [ {
              "name" : "ul",
              "specs" : [ {
                "status" : "info",
                "place" : {
                  "filePath" : "testovi/mobilePocetna.gspec",
                  "lineNumber" : 24
                },
                "name" : "inside meni 30 to 60px top, 1 to 5px bottom",
                "meta" : [ {
                  "from" : {
                    "object" : "ul",
                    "edge" : "top"
                  },
                  "to" : {
                    "object" : "meni",
                    "edge" : "top"
                  },
                  "expectedDistance" : "30 to 60px",
                  "realDistance" : "42px"
                }, {
                  "from" : {
                    "object" : "ul",
                    "edge" : "bottom"
                  },
                  "to" : {
                    "object" : "meni",
                    "edge" : "bottom"
                  },
                  "expectedDistance" : "1 to 5px",
                  "realDistance" : "2px"
                } ],
                "highlight" : [ "ul", "meni" ]
              }, {
                "status" : "info",
                "place" : {
                  "filePath" : "testovi/mobilePocetna.gspec",
                  "lineNumber" : 25
                },
                "name" : "width 90 to 100% of meni/width",
                "meta" : [ {
                  "from" : {
                    "object" : "ul",
                    "edge" : "left"
                  },
                  "to" : {
                    "object" : "ul",
                    "edge" : "right"
                  },
                  "expectedDistance" : "90 to 100% [500 to 556px]",
                  "realDistance" : "99% [551px]"
                } ],
                "highlight" : [ "ul" ]
              }, {
                "status" : "info",
                "place" : {
                  "filePath" : "testovi/mobilePocetna.gspec",
                  "lineNumber" : 26
                },
                "name" : "centered horizontally inside meni",
                "highlight" : [ "ul", "meni" ]
              }, {
                "status" : "info",
                "place" : {
                  "filePath" : "testovi/mobilePocetna.gspec",
                  "lineNumber" : 27
                },
                "name" : "height 157px",
                "meta" : [ {
                  "from" : {
                    "object" : "ul",
                    "edge" : "top"
                  },
                  "to" : {
                    "object" : "ul",
                    "edge" : "bottom"
                  },
                  "expectedDistance" : "157px",
                  "realDistance" : "157px"
                } ],
                "highlight" : [ "ul" ]
              } ]
            } ]
          }, {
            "name" : "Li section",
            "place" : {
              "filePath" : "testovi/mobilePocetna.gspec",
              "lineNumber" : 29
            },
            "objects" : [ {
              "name" : "li",
              "specs" : [ {
                "status" : "info",
                "place" : {
                  "filePath" : "testovi/mobilePocetna.gspec",
                  "lineNumber" : 31
                },
                "name" : "inside meni",
                "meta" : [ ],
                "highlight" : [ "li", "meni" ]
              }, {
                "status" : "info",
                "place" : {
                  "filePath" : "testovi/mobilePocetna.gspec",
                  "lineNumber" : 32
                },
                "name" : "aligned vertically all li",
                "highlight" : [ "li", "li" ]
              }, {
                "status" : "info",
                "place" : {
                  "filePath" : "testovi/mobilePocetna.gspec",
                  "lineNumber" : 33
                },
                "name" : "height 28px",
                "meta" : [ {
                  "from" : {
                    "object" : "li",
                    "edge" : "top"
                  },
                  "to" : {
                    "object" : "li",
                    "edge" : "bottom"
                  },
                  "expectedDistance" : "28px",
                  "realDistance" : "28px"
                } ],
                "highlight" : [ "li" ]
              }, {
                "status" : "info",
                "place" : {
                  "filePath" : "testovi/mobilePocetna.gspec",
                  "lineNumber" : 34
                },
                "name" : "inside ul 10px top, 119px bottom",
                "meta" : [ {
                  "from" : {
                    "object" : "li",
                    "edge" : "top"
                  },
                  "to" : {
                    "object" : "ul",
                    "edge" : "top"
                  },
                  "expectedDistance" : "10px",
                  "realDistance" : "10px"
                }, {
                  "from" : {
                    "object" : "li",
                    "edge" : "bottom"
                  },
                  "to" : {
                    "object" : "ul",
                    "edge" : "bottom"
                  },
                  "expectedDistance" : "119px",
                  "realDistance" : "119px"
                } ],
                "highlight" : [ "li", "ul" ]
              } ]
            } ]
          }, {
            "name" : "Sadrzaj section",
            "place" : {
              "filePath" : "testovi/mobilePocetna.gspec",
              "lineNumber" : 37
            },
            "objects" : [ {
              "name" : "sadrzaj",
              "specs" : [ {
                "status" : "info",
                "place" : {
                  "filePath" : "testovi/mobilePocetna.gspec",
                  "lineNumber" : 39
                },
                "name" : "centered horizontally inside viewport",
                "highlight" : [ "sadrzaj", "viewport" ]
              }, {
                "status" : "info",
                "place" : {
                  "filePath" : "testovi/mobilePocetna.gspec",
                  "lineNumber" : 40
                },
                "name" : "width 90 to 99% of viewport/width",
                "meta" : [ {
                  "from" : {
                    "object" : "sadrzaj",
                    "edge" : "left"
                  },
                  "to" : {
                    "object" : "sadrzaj",
                    "edge" : "right"
                  },
                  "expectedDistance" : "90 to 99% [514 to 566px]",
                  "realDistance" : "97% [556px]"
                } ],
                "highlight" : [ "sadrzaj" ]
              }, {
                "status" : "info",
                "place" : {
                  "filePath" : "testovi/mobilePocetna.gspec",
                  "lineNumber" : 41
                },
                "name" : "below meni 20px",
                "meta" : [ {
                  "from" : {
                    "object" : "sadrzaj",
                    "edge" : "top"
                  },
                  "to" : {
                    "object" : "meni",
                    "edge" : "bottom"
                  },
                  "expectedDistance" : "20px",
                  "realDistance" : "20px"
                } ],
                "highlight" : [ "sadrzaj", "meni" ]
              } ]
            } ]
          }, {
            "name" : "Slike section",
            "place" : {
              "filePath" : "testovi/mobilePocetna.gspec",
              "lineNumber" : 43
            },
            "objects" : [ {
              "name" : "slike",
              "specs" : [ {
                "status" : "info",
                "place" : {
                  "filePath" : "testovi/mobilePocetna.gspec",
                  "lineNumber" : 45
                },
                "name" : "centered horizontally inside sadrzaj",
                "highlight" : [ "slike", "sadrzaj" ]
              }, {
                "status" : "info",
                "place" : {
                  "filePath" : "testovi/mobilePocetna.gspec",
                  "lineNumber" : 46
                },
                "name" : "inside sadrzaj 168px top",
                "meta" : [ {
                  "from" : {
                    "object" : "slike",
                    "edge" : "top"
                  },
                  "to" : {
                    "object" : "sadrzaj",
                    "edge" : "top"
                  },
                  "expectedDistance" : "168px",
                  "realDistance" : "168px"
                } ],
                "highlight" : [ "slike", "sadrzaj" ]
              } ]
            } ]
          }, {
            "name" : "Slika section",
            "place" : {
              "filePath" : "testovi/mobilePocetna.gspec",
              "lineNumber" : 48
            },
            "objects" : [ {
              "name" : "slika",
              "specs" : [ {
                "status" : "info",
                "place" : {
                  "filePath" : "testovi/mobilePocetna.gspec",
                  "lineNumber" : 50
                },
                "name" : "inside sadrzaj 13px top",
                "meta" : [ {
                  "from" : {
                    "object" : "slika",
                    "edge" : "top"
                  },
                  "to" : {
                    "object" : "sadrzaj",
                    "edge" : "top"
                  },
                  "expectedDistance" : "13px",
                  "realDistance" : "13px"
                } ],
                "highlight" : [ "slika", "sadrzaj" ]
              }, {
                "status" : "info",
                "place" : {
                  "filePath" : "testovi/mobilePocetna.gspec",
                  "lineNumber" : 51
                },
                "name" : "aligned horizontally all slika",
                "highlight" : [ "slika", "slika" ]
              }, {
                "status" : "info",
                "place" : {
                  "filePath" : "testovi/mobilePocetna.gspec",
                  "lineNumber" : 52
                },
                "name" : "aligned vertically all slika",
                "highlight" : [ "slika", "slika" ]
              }, {
                "status" : "info",
                "place" : {
                  "filePath" : "testovi/mobilePocetna.gspec",
                  "lineNumber" : 53
                },
                "name" : "height 160px",
                "meta" : [ {
                  "from" : {
                    "object" : "slika",
                    "edge" : "top"
                  },
                  "to" : {
                    "object" : "slika",
                    "edge" : "bottom"
                  },
                  "expectedDistance" : "160px",
                  "realDistance" : "160px"
                } ],
                "highlight" : [ "slika" ]
              }, {
                "status" : "info",
                "place" : {
                  "filePath" : "testovi/mobilePocetna.gspec",
                  "lineNumber" : 54
                },
                "name" : "width 320px",
                "meta" : [ {
                  "from" : {
                    "object" : "slika",
                    "edge" : "left"
                  },
                  "to" : {
                    "object" : "slika",
                    "edge" : "right"
                  },
                  "expectedDistance" : "320px",
                  "realDistance" : "320px"
                } ],
                "highlight" : [ "slika" ]
              } ]
            } ]
          } ],
          "objects" : {
            "meni" : {
              "area" : [ 8, 50, 556, 201 ]
            },
            "slika" : {
              "area" : [ 126, 284, 320, 160 ]
            },
            "viewport" : {
              "area" : [ 0, 0, 572, 354 ]
            },
            "ul" : {
              "area" : [ 10, 92, 551, 157 ]
            },
            "logo" : {
              "area" : [ 246, 12, 80, 80 ]
            },
            "li" : {
              "area" : [ 24, 102, 523, 28 ]
            },
            "slike" : {
              "area" : [ 116, 439, 340, 1670 ]
            },
            "sadrzaj" : {
              "area" : [ 8, 271, 556, 1840 ]
            }
          },
          "screenshot" : "layout-1-screenshot.png",
          "type" : "layout"
        }, {
          "name" : "Mutation testing: testovi/mobilePocetna.gspec included tags: ",
          "status" : "error",
          "time" : 1573604818550,
          "mutationReport" : {
            "objectMutationStatistics" : {
              "meni" : {
                "passed" : 10,
                "failed" : 0,
                "failedMutations" : [ ]
              },
              "slika" : {
                "passed" : 8,
                "failed" : 2,
                "failedMutations" : [ "slika: drag left by 5px", "slika: drag right by 5px" ]
              },
              "ul" : {
                "passed" : 10,
                "failed" : 0,
                "failedMutations" : [ ]
              },
              "logo" : {
                "passed" : 10,
                "failed" : 0,
                "failedMutations" : [ ]
              },
              "li" : {
                "passed" : 5,
                "failed" : 5,
                "failedMutations" : [ "li: drag left by 5px", "li: drag right by 5px", "li: increase width by 5px", "li: decrease width by 5px", "li: move left edge right by 5px" ]
              },
              "slike" : {
                "passed" : 9,
                "failed" : 1,
                "failedMutations" : [ "slike: decrease height by 5px" ]
              },
              "sadrzaj" : {
                "passed" : 9,
                "failed" : 1,
                "failedMutations" : [ "sadrzaj: increase height by 5px" ]
              }
            },
            "totalPassed" : 61,
            "totalFailed" : 9,
            "failedRatio" : 12.857142857142858,
            "totalMutations" : 70
          },
          "type" : "mutation"
        } ],
        "time" : 1573604816025,
        "type" : "node"
      } ],
      "time" : 1573604809332,
      "type" : "node"
    } ]
  }
}