{
	"periodicna": [
		{
			"dan": 6,
			"semestar": "zimski",
			"pocetak": "09:00",
			"kraj": "12:00",
			"naziv": "VA",
			"predavac": "Predavac1"
		},
		{
			"dan": 6,
			"semestar": "zimski",
			"pocetak": "09:00",
			"kraj": "12:00",
			"naziv": "VA",
			"predavac": "Predavac1"
		},
		{
			"semestar": "zimski",
			"naziv": "VA",
			"predavac": "Neko",
			"pocetak": "12:00",
			"kraj": "13:00",
			"dan": 0
		},
		{
			"semestar": "zimski",
			"naziv": "VA",
			"predavac": "Neko",
			"pocetak": "12:00",
			"kraj": "13:00",
			"dan": 3
		}
	],
	"vanredna": [
		{
			"datum": "3.11.2019",
			"pocetak": "09:00",
			"kraj": "12:00",
			"naziv": "MA",
			"predavac": "Predava2"
		},
		{
			"datum": "3.11.2019",
			"pocetak": "09:00",
			"kraj": "12:00",
			"naziv": "VA",
			"predavac": "Predava2"
		},
		{
			"datum": "1.11.2019",
			"pocetak": "09:00",
			"kraj": "12:00",
			"naziv": "VA",
			"predavac": "Predava2"
		},
		{
			"datum": "1.12.2019",
			"pocetak": "12:00",
			"kraj": "13:00",
			"naziv": "VA",
			"predavac": "Neko"
		},
		{
			"datum": "6.12.2019",
			"pocetak": "12:00",
			"kraj": "13:00",
			"naziv": "VA",
			"predavac": "Neko"
		},
		{
			"datum": "11.12.2019",
			"pocetak": "12:00",
			"kraj": "13:00",
			"naziv": "VA",
			"predavac": "Neko"
		},
		{
			"datum": "20.12.2019",
			"pocetak": "12:00",
			"kraj": "13:00",
			"naziv": "VA",
			"predavac": "Neko"
		},
		{
			"datum": "8.12.2019",
			"pocetak": "12:00",
			"kraj": "13:00",
			"naziv": "VA",
			"predavac": "Neko"
		},
		{
			"datum": "4.12.2019",
			"pocetak": "12:00",
			"kraj": "13:00",
			"naziv": "VA",
			"predavac": "Neko"
		},
		{
			"datum": "18.12.2019",
			"pocetak": "12:00",
			"kraj": "13:00",
			"naziv": "VA",
			"predavac": "Neko"
		},
		{
			"datum": "29.12.2019",
			"pocetak": "12:00",
			"kraj": "13:00",
			"naziv": "VA",
			"predavac": "Neko"
		},
		{
			"datum": "2.11.2019",
			"pocetak": "12:00",
			"kraj": "14:00",
			"naziv": "VA",
			"predavac": "Neko"
		}
	]
}